{"stats":{"minecraft:mined":{"minecraft:diamond_ore":1,"minecraft:dark_oak_leaves":1,"born_in_chaos_v1:infected_diamond_ore":1,"minecraft:crafting_table":2,"minecraft:torch":3,"minecraft:granite":2,"darkestsouls:deepslate_siderite_ore":5,"minecraft:cobblestone":1,"minecraft:lapis_ore":1,"minecraft:oak_planks":11,"minecraft:diorite":2,"minecraft:wall_torch":1,"minecraft:spawner":2,"minecraft:furnace":3,"minecraft:iron_ore":7,"minecraft:birch_leaves":1,"minecraft:deepslate_lapis_ore":2,"minecraft:grass":3,"minecraft:coal_ore":1,"minecraft:oak_log":18,"minecraft:deepslate_iron_ore":4,"minecraft:sand":27,"darkestsouls:deepslate_cinnabar_ore":15,"born_in_chaos_v1:infernal_evil_pumpkin_s":1,"minecraft:stone":67,"minecraft:oak_leaves":5,"minecraft:deepslate":1,"duneons:pillagerfurnace":1},"minecraft:used":{"minecraft:cooked_mutton":3,"minecraft:stone_shovel":27,"minecraft:stone_pickaxe":77,"minecraft:oak_planks":34,"minecraft:wooden_pickaxe":3,"minecraft:torch":8,"minecraft:golden_apple":1,"minecraft:crafting_table":3,"born_in_chaos_v1:monster_flesh":1,"minecraft:iron_pickaxe":39,"duneons:rampartbrazier":1,"minecraft:stone_axe":79,"minecraft:cobblestone":25,"minecraft:furnace":3,"minecraft:cooked_porkchop":3,"duneons:pillagerfurnace":1},"minecraft:crafted":{"minecraft:oak_planks":72,"minecraft:stone_shovel":1,"minecraft:cooked_porkchop":6,"minecraft:crafting_table":2,"minecraft:wooden_pickaxe":1,"minecraft:furnace":1,"minecraft:stone_axe":1,"minecraft:cooked_mutton":3,"minecraft:air":0,"minecraft:stick":12,"minecraft:iron_ingot":3,"minecraft:iron_pickaxe":1,"minecraft:stone_pickaxe":1,"minecraft:torch":4,"minecraft:stone_hoe":1},"minecraft:killed":{"darkestsouls:church_doctor":1,"minecraft:pig":2,"born_in_chaos_v1:diamond_termite":1,"minecraft:spider":1,"enemyexpansion:crawler":1,"minecraft:skeleton":1,"minecraft:sheep":4,"minecraft:zombie":1,"born_in_chaos_v1:dread_hound":1,"born_in_chaos_v1:corpse_fly":1,"darkestsouls:skeleton_falchion":1,"darkestsouls:beast_patient":1},"minecraft:custom":{"minecraft:interact_with_furnace":12,"minecraft:mob_kills":16,"minecraft:interact_with_crafting_table":8,"minecraft:damage_dealt_resisted":4,"minecraft:leave_game":1,"minecraft:time_since_death":31130,"minecraft:time_since_rest":28731,"minecraft:sprint_one_cm":131876,"minecraft:damage_absorbed":10,"minecraft:damage_taken":865,"minecraft:walk_one_cm":73494,"minecraft:drop":3,"minecraft:damage_dealt":3138,"minecraft:swim_one_cm":16677,"minecraft:fly_one_cm":155396,"minecraft:open_chest":4,"minecraft:crouch_one_cm":5329,"minecraft:play_time":56851,"tombstone:undead_killed":3,"minecraft:deaths":1,"minecraft:sneak_time":2142,"minecraft:walk_under_water_one_cm":5352,"minecraft:jump":814,"minecraft:walk_on_water_one_cm":7801,"minecraft:total_world_time":56851,"minecraft:fall_one_cm":21532},"minecraft:dropped":{"minecraft:granite":2,"minecraft:diorite":2,"minecraft:wooden_pickaxe":1},"minecraft:broken":{"minecraft:stone_axe":1},"minecraft:picked_up":{"minecraft:crafting_table":2,"born_in_chaos_v1:diamond_termite_shard":1,"born_in_chaos_v1:monster_flesh":1,"darkestsouls:cinnabar":22,"minecraft:oak_log":18,"minecraft:gunpowder":1,"minecraft:lapis_lazuli":16,"minecraft:cobbled_deepslate":1,"duneons:pillagerfurnace":1,"minecraft:oak_planks":11,"minecraft:furnace":3,"minecraft:stick":4,"minecraft:raw_iron":11,"darkestsouls:soul_fragment":2,"minecraft:torch":4,"minecraft:porkchop":6,"minecraft:sand":27,"tombstone:grave_dust":2,"minecraft:diorite":2,"darkestsouls:siderite_fragment":5,"minecraft:rotten_flesh":1,"minecraft:diamond":1,"minecraft:granite":2,"minecraft:gray_wool":1,"minecraft:mutton":7,"minecraft:coal":1,"minecraft:white_wool":3,"minecraft:cobblestone":68},"minecraft:killed_by":{"cave_dweller:cave_dweller":1}},"DataVersion":3465}