{"stats":{"minecraft:used":{"minecraft:stone_axe":1,"minecraft:crafting_table":1,"minecraft:stone_shovel":27,"minecraft:stone_pickaxe":24,"minecraft:wooden_pickaxe":3},"minecraft:mined":{"minecraft:grass":3,"minecraft:oak_log":5,"minecraft:sand":27,"minecraft:stone":27,"minecraft:oak_leaves":5},"minecraft:crafted":{"minecraft:oak_planks":16,"minecraft:stone_shovel":1,"minecraft:stone_hoe":1,"minecraft:stone_axe":1,"minecraft:crafting_table":1,"minecraft:stick":12,"minecraft:wooden_pickaxe":1,"minecraft:stone_pickaxe":1},"minecraft:custom":{"minecraft:time_since_rest":5380,"minecraft:crouch_one_cm":2020,"minecraft:play_time":5380,"minecraft:sprint_one_cm":6328,"minecraft:walk_one_cm":3743,"minecraft:sneak_time":690,"minecraft:walk_under_water_one_cm":128,"minecraft:drop":1,"minecraft:jump":85,"minecraft:walk_on_water_one_cm":152,"minecraft:time_since_death":5380,"minecraft:total_world_time":5380,"minecraft:swim_one_cm":2413,"minecraft:interact_with_crafting_table":4,"minecraft:fall_one_cm":2835,"minecraft:fly_one_cm":23240},"minecraft:dropped":{"minecraft:wooden_pickaxe":1},"minecraft:picked_up":{"minecraft:stick":4,"minecraft:sand":27,"minecraft:oak_log":5,"minecraft:cobblestone":27}},"DataVersion":3465}