{"stats":{"minecraft:dropped":{"minecraft:stone_hoe":1,"minecraft:glass_bottle":4,"minecraft:granite":2,"minecraft:gray_wool":1,"minecraft:diorite":2,"minecraft:stone_pickaxe":1,"minecraft:wooden_pickaxe":1},"minecraft:killed_by":{"cave_dweller:cave_dweller":1},"minecraft:custom":{"minecraft:interact_with_furnace":12,"minecraft:mob_kills":19,"minecraft:interact_with_crafting_table":8,"minecraft:damage_dealt_resisted":4,"minecraft:leave_game":2,"minecraft:time_since_death":52010,"minecraft:climb_one_cm":4616,"minecraft:time_since_rest":49611,"minecraft:sprint_one_cm":215952,"minecraft:damage_absorbed":10,"minecraft:damage_taken":965,"minecraft:walk_one_cm":100262,"minecraft:drop":10,"minecraft:damage_dealt":3750,"minecraft:swim_one_cm":20119,"minecraft:fly_one_cm":220798,"minecraft:open_chest":69,"minecraft:crouch_one_cm":6394,"minecraft:play_time":77731,"tombstone:undead_killed":6,"minecraft:deaths":1,"minecraft:sneak_time":2465,"minecraft:walk_under_water_one_cm":8118,"minecraft:jump":1218,"minecraft:walk_on_water_one_cm":11288,"minecraft:total_world_time":77731,"minecraft:fall_one_cm":29676},"minecraft:used":{"minecraft:cooked_mutton":3,"minecraft:mossy_stone_bricks":17,"minecraft:iron_shovel":23,"minecraft:stone_pickaxe":77,"minecraft:stone_shovel":27,"minecraft:oak_planks":34,"minecraft:wooden_pickaxe":3,"minecraft:chainmail_helmet":1,"minecraft:stone_hoe":10,"minecraft:torch":9,"minecraft:golden_apple":1,"minecraft:crafting_table":3,"minecraft:carrot":3,"born_in_chaos_v1:monster_flesh":1,"minecraft:iron_pickaxe":57,"duneons:rampartbrazier":1,"minecraft:iron_boots":1,"minecraft:stone_axe":79,"minecraft:cobblestone":29,"minecraft:potion":5,"minecraft:furnace":3,"minecraft:cooked_porkchop":6,"duneons:pillagerfurnace":1},"minecraft:mined":{"minecraft:diamond_ore":1,"minecraft:dark_oak_leaves":1,"minecraft:crafting_table":2,"born_in_chaos_v1:infected_diamond_ore":1,"minecraft:torch":3,"minecraft:granite":3,"darkestsouls:deepslate_siderite_ore":5,"minecraft:cobblestone":3,"minecraft:lapis_ore":1,"minecraft:oak_planks":11,"minecraft:diorite":2,"minecraft:wall_torch":1,"minecraft:spawner":7,"minecraft:smooth_stone":1,"minecraft:furnace":3,"minecraft:iron_ore":7,"minecraft:birch_leaves":1,"minecraft:andesite":4,"minecraft:deepslate_lapis_ore":2,"minecraft:grass":3,"minecraft:bookshelf":2,"minecraft:coal_ore":1,"minecraft:oak_log":18,"minecraft:deepslate_iron_ore":4,"minecraft:sand":27,"minecraft:cracked_stone_bricks":1,"born_in_chaos_v1:infernal_evil_pumpkin_s":1,"darkestsouls:deepslate_cinnabar_ore":15,"minecraft:stone":70,"minecraft:stone_bricks":1,"minecraft:oak_leaves":5,"minecraft:deepslate":1,"duneons:pillagerfurnace":1},"minecraft:picked_up":{"minecraft:crafting_table":2,"born_in_chaos_v1:diamond_termite_shard":1,"born_in_chaos_v1:monster_flesh":1,"darkestsouls:cinnabar":22,"minecraft:oak_log":18,"minecraft:gunpowder":1,"minecraft:lapis_lazuli":16,"minecraft:bone":3,"minecraft:cobbled_deepslate":1,"duneons:pillagerfurnace":1,"minecraft:oak_planks":11,"minecraft:furnace":3,"minecraft:book":6,"minecraft:stick":4,"minecraft:raw_iron":11,"darkestsouls:soul_fragment":2,"minecraft:torch":4,"minecraft:porkchop":6,"minecraft:sand":27,"tombstone:grave_dust":2,"minecraft:diorite":2,"minecraft:arrow":3,"darkestsouls:siderite_fragment":5,"minecraft:rotten_flesh":1,"born_in_chaos_v1:fire_dust":1,"minecraft:diamond":1,"minecraft:granite":2,"minecraft:gray_wool":1,"minecraft:mutton":7,"minecraft:coal":1,"minecraft:white_wool":3,"minecraft:cobblestone":68},"minecraft:killed":{"darkestsouls:church_doctor":1,"minecraft:pig":2,"born_in_chaos_v1:diamond_termite":1,"minecraft:spider":1,"minecraft:skeleton":4,"minecraft:sheep":4,"enemyexpansion:crawler":1,"minecraft:zombie":1,"born_in_chaos_v1:dread_hound":1,"born_in_chaos_v1:corpse_fly":1,"darkestsouls:skeleton_falchion":1,"darkestsouls:beast_patient":1},"minecraft:broken":{"minecraft:stone_axe":1},"minecraft:crafted":{"minecraft:oak_planks":72,"minecraft:stone_shovel":1,"minecraft:cooked_porkchop":6,"minecraft:crafting_table":2,"minecraft:wooden_pickaxe":1,"minecraft:furnace":1,"minecraft:stone_axe":1,"minecraft:cooked_mutton":3,"minecraft:air":0,"minecraft:stick":12,"minecraft:iron_ingot":3,"minecraft:iron_pickaxe":1,"minecraft:stone_pickaxe":1,"minecraft:torch":4,"minecraft:stone_hoe":1}},"DataVersion":3465}