{"stats":{"minecraft:mined":{"minecraft:diamond_ore":1,"minecraft:white_bed":1,"duneons:darkstonebricks":12,"minecraft:mossy_cobblestone":2,"minecraft:deepslate_diamond_ore":3,"minecraft:dark_oak_leaves":1,"duneons:ashblock":3,"minecraft:jungle_leaves":8,"born_in_chaos_v1:infected_diamond_ore":1,"duneons:charredstone":10,"minecraft:nether_bricks":1,"minecraft:granite":3,"minecraft:grass_block":1,"duneons:tablemap":1,"duneons:highlandtallgrass":1,"minecraft:jungle_log":3,"duneons:dungeonbarrel":2,"darkestsouls:deepslate_siderite_ore":5,"minecraft:spawner":12,"duneons:darkcobblestonestairs":5,"minecraft:smooth_stone":1,"duneons:charredgrassblock":2,"minecraft:furnace":3,"minecraft:iron_ore":7,"minecraft:andesite":4,"minecraft:deepslate_lapis_ore":2,"minecraft:nether_brick_stairs":4,"duneons:shieldmobspawner":2,"duneons:slabspawn_3":1,"minecraft:bookshelf":2,"minecraft:deepslate_iron_ore":4,"minecraft:vine":1,"duneons:loot_biggrey":4,"minecraft:iron_bars":8,"duneons:highlandlog":3,"gnumus:fragile_gnumus_jug":1,"duneons:namelessstatue":1,"minecraft:stone":227,"minecraft:tripwire":1,"duneons:pillagerfurnace":2,"duneons:dustybookshelf":2,"duneons:developerstatue":1,"minecraft:crafting_table":3,"minecraft:torch":4,"duneons:runedoorblockarrow":1,"minecraft:melon":6,"duneons:darkstone_bricks_stairs":7,"duneons:greenoutpostbricks":1,"duneons:smoothdarkstonebricks":1,"minecraft:copper_ore":3,"minecraft:cobblestone":5,"minecraft:lapis_ore":1,"minecraft:oak_planks":11,"duneons:outpostwood_planks":9,"minecraft:diorite":2,"minecraft:wall_torch":1,"minecraft:deepslate_copper_ore":2,"minecraft:birch_leaves":1,"minecraft:tnt":16,"duneons:highlandfern":4,"minecraft:stone_brick_stairs":2,"minecraft:grass":12,"minecraft:coal_ore":14,"minecraft:oak_log":28,"minecraft:sand":27,"duneons:sinker":1,"minecraft:cobweb":1,"minecraft:cracked_stone_bricks":1,"born_in_chaos_v1:infernal_evil_pumpkin_s":1,"darkestsouls:deepslate_cinnabar_ore":15,"duneons:dungeonscharreddirt":4,"minecraft:stone_bricks":1,"minecraft:mossy_stone_bricks":2,"minecraft:oak_leaves":6,"minecraft:deepslate":128,"minecraft:fern":2},"minecraft:used":{"minecraft:moss_block":1,"minecraft:iron_shovel":32,"duneons:outpostwood_planks":15,"minecraft:stone_shovel":27,"minecraft:chest":1,"duneons:darkstonebricks":2,"minecraft:iron_sword":52,"duneons:dungeonscharreddirt":2,"duneons:ashblock":3,"minecraft:stone_hoe":10,"minecraft:torch":14,"minecraft:jungle_planks":7,"tombstone:scroll_of_aquatic_life":1,"minecraft:carrot":44,"duneons:crumsoncoresword":101,"duneons:tablemap":1,"duneons:wagonblock":1,"duneons:soul_scythe":34,"duneons:dustybookshelf":2,"duneons:dungeonscharredcobblestone":10,"duneons:rampartbrazier":1,"minecraft:iron_boots":1,"minecraft:stone_bricks":47,"minecraft:beef":1,"minecraft:furnace":3,"tombstone:gift":6,"minecraft:skeleton_skull":1,"minecraft:cobbled_deepslate":124,"minecraft:cooked_mutton":6,"minecraft:mossy_stone_bricks":17,"minecraft:stone_pickaxe":135,"minecraft:oak_planks":35,"minecraft:ender_pearl":2,"minecraft:wooden_pickaxe":6,"minecraft:chainmail_helmet":2,"duneons:darkcobblestonestairs":1,"minecraft:jungle_boat":1,"minecraft:golden_apple":5,"minecraft:crafting_table":8,"minecraft:white_bed":2,"duneons:sinker":1,"duneons:diamondpickaxedungeon":9,"tombstone:bag_of_seeds":1,"duneons:smoothdarkstonebricks":1,"minecraft:chicken":1,"born_in_chaos_v1:monster_flesh":2,"minecraft:melon_slice":16,"minecraft:iron_pickaxe":370,"tombstone:magic_scroll":1,"minecraft:stone_axe":91,"minecraft:oak_boat":1,"minecraft:diamond_sword":422,"minecraft:potion":5,"minecraft:cobblestone":176,"duneons:highlandfern":1,"minecraft:cooked_porkchop":6,"duneons:red_stone_golem_skull":1,"duneons:pillagerfurnace":1,"duneons:tgaxe":4},"minecraft:custom":{"minecraft:mob_kills":155,"minecraft:interact_with_crafting_table":24,"minecraft:open_barrel":9,"minecraft:interact_with_campfire":3,"minecraft:damage_dealt_resisted":1144,"minecraft:leave_game":4,"minecraft:time_since_death":6362,"minecraft:climb_one_cm":19428,"minecraft:damage_resisted":37730,"minecraft:sprint_one_cm":543125,"minecraft:walk_one_cm":427989,"minecraft:drop":46,"vampirism:skills_unlocked":4,"minecraft:damage_dealt_absorbed":33,"minecraft:play_time":242096,"minecraft:sneak_time":10963,"minecraft:deaths":5,"minecraft:walk_under_water_one_cm":78751,"minecraft:boat_one_cm":16981,"minecraft:jump":5395,"minecraft:walk_on_water_one_cm":74982,"minecraft:total_world_time":242096,"minecraft:interact_with_furnace":12,"tombstone:raider_killed":65,"minecraft:sleep_in_bed":1,"minecraft:time_since_rest":1122,"vampirism:resurrected":2,"minecraft:damage_taken":200305,"minecraft:damage_absorbed":97,"minecraft:damage_dealt":46588,"tombstone:cast_on_ally":0,"minecraft:fly_one_cm":1332460,"minecraft:swim_one_cm":206845,"minecraft:open_chest":138,"minecraft:crouch_one_cm":28270,"tombstone:undead_killed":37,"minecraft:fall_one_cm":87190},"minecraft:picked_up":{"born_in_chaos_v1:diamond_termite_shard":1,"minecraft:crafting_table":3,"iceandfire:witherbone":3,"duneons:darkstonebricks":2,"minecraft:chicken":1,"minecraft:suspicious_stew":1,"gnumus:gnumus_claw":6,"minecraft:diamond_sword":2,"duneons:oakwoodbrew":6,"duneons:ghost_cloak":1,"darkestsouls:beast_blood_clump":7,"duneons:enderhammer":1,"minecraft:raw_copper":13,"minecraft:string":2,"duneons:ashblock":6,"minecraft:iron_shovel":1,"minecraft:cobbled_deepslate":125,"duneons:whip":2,"duneons:tgaxe":3,"minecraft:beef":1,"duneons:darkcobblestonestairs":1,"minecraft:melon_slice":26,"minecraft:iron_boots":1,"minecraft:furnace":3,"duneons:highlandlog":3,"minecraft:raw_iron":11,"minecraft:stick":4,"darkestsouls:soul_fragment":4,"minecraft:torch":5,"duneons:draogn_robe_chestplate":1,"minecraft:porkchop":9,"duneons:dustybookshelf":2,"duneons:magicwand":1,"duneons:saber":1,"tombstone:grave_dust":6,"minecraft:diorite":2,"vampirism:amulet":1,"duneons:burningpotion":1,"minecraft:tnt":16,"minecraft:arrow":3,"minecraft:rotten_flesh":1,"duneons:soul_scythe":1,"duneons:royaleshield":1,"minecraft:gold_ingot":4,"duneons:goldmace":1,"gnumus:mouse_skin":10,"minecraft:obsidian":1,"minecraft:mutton":13,"minecraft:white_wool":3,"minecraft:cobblestone":218,"born_in_chaos_v1:fused_bone":2,"duneons:dungeonscharreddirt":4,"minecraft:leather_chestplate":1,"born_in_chaos_v1:monster_flesh":2,"duneons:developerstatue":1,"minecraft:jungle_log":3,"gnumus:gnumus_pouch":1,"darkestsouls:cinnabar":22,"minecraft:oak_log":28,"duneons:purplevangardpotion":1,"minecraft:gunpowder":1,"duneons:scattermines":3,"minecraft:lapis_lazuli":16,"tombstone:gift":1,"gnumus:gnumus_pouch_2":2,"minecraft:cooked_mutton":3,"duneons:wagonblock":2,"minecraft:bone":14,"duneons:smoothdarkstonebricks":1,"duneons:crumsoncoresword":1,"minecraft:wheat_seeds":2,"guideapi_vp:vampirism-guidebook":2,"duneons:outpostwood_planks":9,"duneons:pillagerfurnace":1,"duneons:mountaineeraxeiron":2,"tombstone:bag_of_seeds":1,"minecraft:moss_block":1,"minecraft:oak_planks":25,"minecraft:pitcher_pod":1,"minecraft:book":6,"duneons:sinker":1,"duneons:red_stone_golem_skull":1,"duneons:dungeonscharredcobblestone":17,"patchouli:guide_book":2,"vampirism:ring":4,"duneons:namelessstatue":1,"duneons:highlandfern":1,"duneons:sugarrush":1,"minecraft:sand":27,"minecraft:white_bed":1,"minecraft:crying_obsidian":1,"duneons:poleaxe":3,"duneons:darkkatana":1,"minecraft:pumpkin_seeds":6,"darkestsouls:siderite_fragment":5,"born_in_chaos_v1:fire_dust":1,"minecraft:diamond":6,"gnumus:gnumus_clay":23,"minecraft:iron_helmet":1,"minecraft:granite":2,"minecraft:crossbow":1,"minecraft:bread":7,"duneons:tablemap":1,"minecraft:emerald":37,"minecraft:gray_wool":1,"duneons:miniredstonegolem":1,"minecraft:oak_sapling":1,"minecraft:coal":15},"minecraft:dropped":{"minecraft:stone_hoe":1,"duneons:tgaxe":3,"minecraft:glass_bottle":4,"minecraft:book":6,"duneons:ashblock":3,"minecraft:granite":2,"duneons:dungeonscharreddirt":2,"minecraft:chainmail_helmet":1,"minecraft:coal":1,"minecraft:stick":4,"minecraft:gray_wool":1,"duneons:poleaxe":2,"minecraft:diorite":2,"tombstone:grave_key":1,"minecraft:mutton":3,"duneons:wagonblock":1,"duneons:dungeonscharredcobblestone":7,"duneons:mountaineeraxeiron":2,"vampirism:ring":4,"minecraft:bone":1,"duneons:outpostwood_planks":4,"minecraft:oak_planks":3,"guideapi_vp:vampirism-guidebook":1,"minecraft:carrot":7,"minecraft:pumpkin_seeds":6,"minecraft:diamond_sword":2,"minecraft:leather_chestplate":2,"gnumus:gnumus_clay":6,"minecraft:oak_sapling":1,"minecraft:raw_gold":4,"minecraft:stone_pickaxe":2,"minecraft:wooden_pickaxe":2},"minecraft:crafted":{"minecraft:oak_planks":112,"minecraft:stone_shovel":1,"minecraft:furnace":1,"minecraft:cooked_mutton":3,"minecraft:leather":4,"minecraft:stone_pickaxe":2,"minecraft:chest":2,"minecraft:stone_hoe":1,"sophisticatedbackpacks:iron_backpack":1,"sophisticatedbackpacks:backpack":1,"minecraft:cooked_porkchop":6,"minecraft:crafting_table":6,"minecraft:jungle_boat":1,"minecraft:wooden_pickaxe":2,"sophisticatedbackpacks:gold_backpack":1,"minecraft:stone_axe":1,"duneons:outpostwood_planks":12,"minecraft:air":0,"minecraft:jungle_planks":12,"minecraft:oak_boat":1,"minecraft:white_wool":3,"minecraft:stick":24,"minecraft:iron_ingot":3,"minecraft:iron_pickaxe":1,"minecraft:white_bed":1,"minecraft:torch":20},"minecraft:killed":{"darkestsouls:hollow_axe":1,"darkestsouls:gravetender_hollow_longsword":3,"darkestsouls:bonewheel":1,"darkestsouls:church_doctor":1,"born_in_chaos_v1:zombie_lumberjack":1,"minecraft:spider":1,"minecraft:vindicator":54,"born_in_chaos_v1:thornshell_crab":1,"born_in_chaos_v1:siamese_skeletonsright":1,"born_in_chaos_v1:maggot":3,"minecraft:skeleton":7,"darkestsouls:hollow_broken_straightsword":1,"duneons:squallgolem":2,"minecraft:chicken":1,"darkestsouls:skeleton_falchion":1,"darkestsouls:beast_patient":1,"darkestsouls:church_doctor_lantern":1,"minecraft:drowned":1,"duneons:obsidianmonstrosity":1,"gnumus:gnumus_hunter_not_dispawn":2,"minecraft:husk":5,"minecraft:pig":4,"born_in_chaos_v1:diamond_termite":1,"duneons:tempestgolemsleep":1,"duneons:mountaineer":8,"minecraft:sheep":4,"enemyexpansion:crawler":1,"minecraft:pillager":11,"minecraft:zombie":13,"born_in_chaos_v1:dread_hound":4,"born_in_chaos_v1:corpse_fly":1,"enemyexpansion:huntsman":1,"darkestsouls:cloaked_beast_patient":6,"born_in_chaos_v1:door_knight":1,"minecraft:wither_skeleton":4,"born_in_chaos_v1:siamese_skeletonsleft":1,"minecraft:cow":1},"minecraft:killed_by":{"minecraft:vindicator":2,"cave_dweller:cave_dweller":1},"minecraft:broken":{"duneons:beehive_helmet":1,"duneons:crumsoncoresword":1,"minecraft:iron_boots":1,"minecraft:stone_axe":1,"minecraft:golden_chestplate":1}},"DataVersion":3465}