{"stats":{"minecraft:dropped":{"minecraft:stone_hoe":1,"minecraft:glass_bottle":4,"minecraft:book":6,"minecraft:granite":2,"minecraft:chainmail_helmet":1,"minecraft:coal":1,"minecraft:gray_wool":1,"minecraft:diorite":2,"minecraft:mutton":3,"vampirism:ring":3,"minecraft:bone":1,"guideapi_vp:vampirism-guidebook":1,"minecraft:carrot":7,"minecraft:diamond_sword":2,"minecraft:leather_chestplate":2,"minecraft:stone_pickaxe":1,"minecraft:wooden_pickaxe":1,"minecraft:raw_gold":4},"minecraft:killed_by":{"cave_dweller:cave_dweller":1},"minecraft:custom":{"minecraft:mob_kills":61,"minecraft:interact_with_crafting_table":8,"minecraft:open_barrel":9,"minecraft:damage_dealt_resisted":1132,"minecraft:leave_game":3,"minecraft:time_since_death":10312,"minecraft:climb_one_cm":9350,"minecraft:damage_resisted":5496,"minecraft:sprint_one_cm":345502,"minecraft:walk_one_cm":257527,"minecraft:drop":25,"minecraft:damage_dealt_absorbed":33,"minecraft:play_time":125324,"minecraft:deaths":2,"minecraft:sneak_time":4618,"minecraft:walk_under_water_one_cm":48992,"minecraft:jump":2098,"minecraft:walk_on_water_one_cm":49669,"minecraft:total_world_time":125324,"minecraft:interact_with_furnace":12,"minecraft:time_since_rest":8532,"minecraft:damage_taken":1516,"minecraft:damage_absorbed":97,"minecraft:damage_dealt":14231,"tombstone:cast_on_ally":0,"minecraft:swim_one_cm":58656,"minecraft:fly_one_cm":1007233,"minecraft:open_chest":110,"minecraft:crouch_one_cm":12779,"tombstone:undead_killed":30,"minecraft:fall_one_cm":43906},"minecraft:used":{"minecraft:moss_block":1,"minecraft:iron_shovel":32,"minecraft:stone_shovel":27,"minecraft:iron_sword":52,"minecraft:stone_hoe":10,"minecraft:torch":9,"tombstone:scroll_of_aquatic_life":1,"minecraft:carrot":9,"duneons:rampartbrazier":1,"minecraft:iron_boots":1,"minecraft:stone_bricks":47,"minecraft:beef":1,"minecraft:furnace":3,"tombstone:gift":2,"minecraft:skeleton_skull":1,"minecraft:cooked_mutton":3,"minecraft:mossy_stone_bricks":17,"minecraft:stone_pickaxe":77,"minecraft:oak_planks":34,"minecraft:ender_pearl":2,"minecraft:wooden_pickaxe":3,"minecraft:chainmail_helmet":2,"minecraft:golden_apple":5,"minecraft:crafting_table":3,"born_in_chaos_v1:monster_flesh":2,"minecraft:chicken":1,"minecraft:iron_pickaxe":76,"tombstone:magic_scroll":1,"minecraft:stone_axe":79,"minecraft:diamond_sword":128,"minecraft:cobblestone":29,"minecraft:potion":5,"minecraft:cooked_porkchop":6,"duneons:pillagerfurnace":1},"minecraft:mined":{"minecraft:diamond_ore":1,"minecraft:mossy_cobblestone":2,"minecraft:dark_oak_leaves":1,"minecraft:jungle_leaves":7,"born_in_chaos_v1:infected_diamond_ore":1,"minecraft:nether_bricks":1,"minecraft:granite":3,"minecraft:grass_block":1,"darkestsouls:deepslate_siderite_ore":5,"minecraft:spawner":7,"minecraft:smooth_stone":1,"minecraft:furnace":3,"minecraft:iron_ore":7,"minecraft:andesite":4,"minecraft:deepslate_lapis_ore":2,"minecraft:nether_brick_stairs":4,"minecraft:bookshelf":2,"minecraft:deepslate_iron_ore":4,"minecraft:iron_bars":8,"gnumus:fragile_gnumus_jug":1,"minecraft:stone":70,"duneons:pillagerfurnace":1,"minecraft:crafting_table":2,"minecraft:torch":3,"minecraft:cobblestone":3,"minecraft:lapis_ore":1,"minecraft:oak_planks":11,"minecraft:diorite":2,"minecraft:wall_torch":1,"minecraft:birch_leaves":1,"duneons:highlandfern":3,"minecraft:stone_brick_stairs":2,"minecraft:grass":8,"minecraft:oak_log":18,"minecraft:coal_ore":1,"minecraft:sand":27,"minecraft:cracked_stone_bricks":1,"darkestsouls:deepslate_cinnabar_ore":15,"minecraft:stone_bricks":1,"born_in_chaos_v1:infernal_evil_pumpkin_s":1,"minecraft:mossy_stone_bricks":2,"minecraft:oak_leaves":6,"minecraft:deepslate":1},"minecraft:picked_up":{"born_in_chaos_v1:diamond_termite_shard":1,"minecraft:crafting_table":2,"minecraft:chicken":1,"iceandfire:witherbone":3,"minecraft:diamond_sword":2,"duneons:oakwoodbrew":1,"darkestsouls:beast_blood_clump":4,"minecraft:cobbled_deepslate":1,"minecraft:beef":1,"minecraft:iron_boots":1,"minecraft:furnace":3,"minecraft:stick":4,"minecraft:raw_iron":11,"darkestsouls:soul_fragment":2,"minecraft:torch":4,"minecraft:porkchop":6,"tombstone:grave_dust":6,"minecraft:diorite":2,"minecraft:arrow":3,"minecraft:rotten_flesh":1,"minecraft:mutton":10,"minecraft:white_wool":3,"minecraft:cobblestone":68,"minecraft:leather_chestplate":1,"born_in_chaos_v1:monster_flesh":2,"gnumus:gnumus_pouch":1,"darkestsouls:cinnabar":22,"minecraft:oak_log":18,"minecraft:gunpowder":1,"minecraft:lapis_lazuli":16,"tombstone:gift":1,"gnumus:gnumus_pouch_2":2,"minecraft:bone":6,"guideapi_vp:vampirism-guidebook":1,"duneons:pillagerfurnace":1,"minecraft:moss_block":1,"minecraft:oak_planks":11,"minecraft:book":6,"vampirism:ring":3,"minecraft:sand":27,"darkestsouls:siderite_fragment":5,"minecraft:diamond":1,"born_in_chaos_v1:fire_dust":1,"gnumus:gnumus_clay":5,"minecraft:iron_helmet":1,"minecraft:granite":2,"minecraft:gray_wool":1,"minecraft:coal":2},"minecraft:killed":{"darkestsouls:hollow_axe":1,"darkestsouls:gravetender_hollow_longsword":1,"darkestsouls:bonewheel":1,"darkestsouls:church_doctor":1,"minecraft:spider":1,"born_in_chaos_v1:thornshell_crab":1,"born_in_chaos_v1:maggot":1,"minecraft:skeleton":6,"darkestsouls:hollow_broken_straightsword":1,"minecraft:chicken":1,"darkestsouls:skeleton_falchion":1,"darkestsouls:beast_patient":1,"minecraft:drowned":1,"gnumus:gnumus_hunter_not_dispawn":2,"minecraft:husk":4,"minecraft:pig":3,"born_in_chaos_v1:diamond_termite":1,"minecraft:sheep":4,"enemyexpansion:crawler":1,"minecraft:zombie":12,"born_in_chaos_v1:dread_hound":4,"born_in_chaos_v1:corpse_fly":1,"darkestsouls:cloaked_beast_patient":4,"born_in_chaos_v1:door_knight":1,"minecraft:wither_skeleton":4,"minecraft:cow":1},"minecraft:broken":{"minecraft:stone_axe":1},"minecraft:crafted":{"minecraft:oak_planks":72,"minecraft:stone_shovel":1,"minecraft:furnace":1,"minecraft:cooked_mutton":3,"minecraft:stone_pickaxe":1,"minecraft:stone_hoe":1,"minecraft:cooked_porkchop":6,"minecraft:crafting_table":2,"minecraft:wooden_pickaxe":1,"minecraft:stone_axe":1,"minecraft:air":0,"minecraft:stick":12,"minecraft:iron_ingot":3,"minecraft:iron_pickaxe":1,"minecraft:torch":4}},"DataVersion":3465}