{"stats":{"minecraft:dropped":{"minecraft:stone_hoe":1,"minecraft:glass_bottle":4,"minecraft:book":6,"minecraft:granite":2,"minecraft:chainmail_helmet":1,"minecraft:carrot":7,"minecraft:coal":1,"minecraft:diamond_sword":1,"minecraft:leather_chestplate":2,"minecraft:gray_wool":1,"minecraft:diorite":2,"minecraft:stone_pickaxe":1,"minecraft:wooden_pickaxe":1},"minecraft:killed_by":{"cave_dweller:cave_dweller":1},"minecraft:custom":{"minecraft:interact_with_furnace":12,"minecraft:mob_kills":41,"minecraft:interact_with_crafting_table":8,"minecraft:open_barrel":9,"minecraft:damage_dealt_resisted":26,"minecraft:leave_game":3,"minecraft:time_since_death":87603,"minecraft:climb_one_cm":9160,"minecraft:damage_resisted":3047,"minecraft:time_since_rest":85204,"minecraft:sprint_one_cm":289234,"minecraft:damage_absorbed":97,"minecraft:damage_taken":1457,"minecraft:walk_one_cm":231392,"minecraft:drop":17,"minecraft:damage_dealt":8843,"tombstone:cast_on_ally":0,"minecraft:fly_one_cm":938084,"minecraft:damage_dealt_absorbed":33,"minecraft:swim_one_cm":39719,"minecraft:open_chest":110,"minecraft:crouch_one_cm":12366,"minecraft:play_time":113324,"tombstone:undead_killed":26,"minecraft:deaths":1,"minecraft:sneak_time":4547,"minecraft:walk_under_water_one_cm":46226,"minecraft:jump":1734,"minecraft:walk_on_water_one_cm":43050,"minecraft:total_world_time":113324,"minecraft:fall_one_cm":38173},"minecraft:used":{"minecraft:cooked_mutton":3,"minecraft:moss_block":1,"minecraft:mossy_stone_bricks":17,"minecraft:iron_shovel":32,"minecraft:stone_shovel":27,"minecraft:stone_pickaxe":77,"minecraft:oak_planks":34,"minecraft:ender_pearl":2,"minecraft:wooden_pickaxe":3,"minecraft:chainmail_helmet":2,"minecraft:iron_sword":52,"minecraft:stone_hoe":10,"minecraft:torch":9,"minecraft:golden_apple":5,"minecraft:crafting_table":3,"tombstone:scroll_of_aquatic_life":1,"minecraft:carrot":9,"born_in_chaos_v1:monster_flesh":1,"minecraft:iron_pickaxe":76,"duneons:rampartbrazier":1,"tombstone:magic_scroll":1,"minecraft:stone_axe":79,"minecraft:iron_boots":1,"minecraft:diamond_sword":35,"minecraft:potion":5,"minecraft:stone_bricks":47,"minecraft:cobblestone":29,"minecraft:cooked_porkchop":6,"minecraft:furnace":3,"duneons:pillagerfurnace":1,"minecraft:skeleton_skull":1},"minecraft:mined":{"minecraft:diamond_ore":1,"minecraft:mossy_cobblestone":2,"minecraft:dark_oak_leaves":1,"minecraft:jungle_leaves":7,"born_in_chaos_v1:infected_diamond_ore":1,"minecraft:crafting_table":2,"minecraft:torch":3,"minecraft:nether_bricks":1,"minecraft:granite":3,"darkestsouls:deepslate_siderite_ore":5,"minecraft:cobblestone":3,"minecraft:lapis_ore":1,"minecraft:oak_planks":11,"minecraft:diorite":2,"minecraft:wall_torch":1,"minecraft:spawner":7,"minecraft:smooth_stone":1,"minecraft:furnace":3,"minecraft:iron_ore":7,"minecraft:birch_leaves":1,"minecraft:andesite":4,"minecraft:deepslate_lapis_ore":2,"minecraft:nether_brick_stairs":4,"minecraft:stone_brick_stairs":2,"minecraft:grass":4,"minecraft:bookshelf":2,"minecraft:coal_ore":1,"minecraft:oak_log":18,"minecraft:deepslate_iron_ore":4,"minecraft:iron_bars":8,"minecraft:sand":27,"minecraft:cracked_stone_bricks":1,"born_in_chaos_v1:infernal_evil_pumpkin_s":1,"darkestsouls:deepslate_cinnabar_ore":15,"minecraft:stone":70,"minecraft:stone_bricks":1,"minecraft:mossy_stone_bricks":2,"minecraft:oak_leaves":6,"minecraft:deepslate":1,"duneons:pillagerfurnace":1},"minecraft:picked_up":{"minecraft:leather_chestplate":1,"minecraft:crafting_table":2,"born_in_chaos_v1:diamond_termite_shard":1,"iceandfire:witherbone":3,"born_in_chaos_v1:monster_flesh":1,"minecraft:diamond_sword":1,"gnumus:gnumus_pouch":1,"darkestsouls:cinnabar":22,"minecraft:oak_log":18,"minecraft:gunpowder":1,"minecraft:lapis_lazuli":16,"minecraft:bone":6,"minecraft:cobbled_deepslate":1,"duneons:pillagerfurnace":1,"minecraft:moss_block":1,"minecraft:oak_planks":11,"minecraft:furnace":3,"minecraft:iron_boots":1,"minecraft:book":6,"minecraft:stick":4,"minecraft:raw_iron":11,"darkestsouls:soul_fragment":2,"minecraft:torch":4,"minecraft:porkchop":6,"minecraft:sand":27,"tombstone:grave_dust":4,"minecraft:diorite":2,"minecraft:arrow":3,"darkestsouls:siderite_fragment":5,"minecraft:rotten_flesh":1,"born_in_chaos_v1:fire_dust":1,"minecraft:diamond":1,"gnumus:gnumus_clay":5,"minecraft:iron_helmet":1,"minecraft:granite":2,"minecraft:gray_wool":1,"minecraft:mutton":7,"minecraft:coal":2,"minecraft:white_wool":3,"minecraft:cobblestone":68},"minecraft:killed":{"minecraft:husk":4,"darkestsouls:bonewheel":1,"darkestsouls:church_doctor":1,"minecraft:pig":3,"born_in_chaos_v1:diamond_termite":1,"minecraft:spider":1,"born_in_chaos_v1:maggot":1,"enemyexpansion:crawler":1,"minecraft:sheep":4,"minecraft:skeleton":6,"minecraft:zombie":10,"born_in_chaos_v1:dread_hound":1,"born_in_chaos_v1:corpse_fly":1,"darkestsouls:skeleton_falchion":1,"darkestsouls:beast_patient":1,"minecraft:wither_skeleton":4},"minecraft:broken":{"minecraft:stone_axe":1},"minecraft:crafted":{"minecraft:oak_planks":72,"minecraft:stone_shovel":1,"minecraft:cooked_porkchop":6,"minecraft:crafting_table":2,"minecraft:wooden_pickaxe":1,"minecraft:furnace":1,"minecraft:stone_axe":1,"minecraft:cooked_mutton":3,"minecraft:air":0,"minecraft:stick":12,"minecraft:iron_ingot":3,"minecraft:iron_pickaxe":1,"minecraft:stone_pickaxe":1,"minecraft:torch":4,"minecraft:stone_hoe":1}},"DataVersion":3465}