{"stats":{"minecraft:mined":{"minecraft:diamond_ore":1,"born_in_chaos_v1:infected_diamond_ore":1,"minecraft:crafting_table":2,"darkestsouls:deepslate_siderite_ore":5,"minecraft:cobblestone":1,"minecraft:lapis_ore":1,"minecraft:oak_planks":11,"minecraft:spawner":1,"minecraft:furnace":2,"minecraft:iron_ore":7,"minecraft:deepslate_lapis_ore":2,"minecraft:grass":3,"minecraft:oak_log":18,"minecraft:deepslate_iron_ore":4,"minecraft:sand":27,"darkestsouls:deepslate_cinnabar_ore":15,"minecraft:stone":32,"minecraft:oak_leaves":5,"minecraft:deepslate":1,"duneons:pillagerfurnace":1},"minecraft:used":{"minecraft:cooked_mutton":3,"minecraft:stone_shovel":27,"minecraft:stone_pickaxe":37,"minecraft:oak_planks":22,"minecraft:wooden_pickaxe":3,"minecraft:torch":1,"minecraft:golden_apple":1,"minecraft:crafting_table":3,"born_in_chaos_v1:monster_flesh":1,"minecraft:iron_pickaxe":35,"minecraft:stone_axe":71,"minecraft:cobblestone":2,"minecraft:furnace":2,"duneons:pillagerfurnace":1},"minecraft:crafted":{"minecraft:oak_planks":72,"minecraft:stone_shovel":1,"minecraft:crafting_table":2,"minecraft:wooden_pickaxe":1,"minecraft:furnace":1,"minecraft:stone_axe":1,"minecraft:cooked_mutton":3,"minecraft:air":0,"minecraft:stick":12,"minecraft:iron_ingot":3,"minecraft:iron_pickaxe":1,"minecraft:stone_pickaxe":1,"minecraft:torch":4,"minecraft:stone_hoe":1},"minecraft:killed":{"minecraft:pig":2,"born_in_chaos_v1:diamond_termite":1,"minecraft:spider":1,"enemyexpansion:crawler":1,"minecraft:skeleton":1,"minecraft:sheep":4,"minecraft:zombie":1,"born_in_chaos_v1:dread_hound":1,"born_in_chaos_v1:corpse_fly":1,"darkestsouls:skeleton_falchion":1,"darkestsouls:beast_patient":1},"minecraft:custom":{"minecraft:interact_with_furnace":8,"minecraft:mob_kills":15,"minecraft:interact_with_crafting_table":8,"minecraft:time_since_death":15659,"minecraft:time_since_rest":13260,"minecraft:sprint_one_cm":100579,"minecraft:damage_absorbed":10,"minecraft:damage_taken":655,"minecraft:walk_one_cm":55063,"minecraft:drop":1,"minecraft:damage_dealt":2735,"minecraft:swim_one_cm":10109,"minecraft:fly_one_cm":108632,"minecraft:open_chest":1,"minecraft:crouch_one_cm":5255,"minecraft:play_time":41380,"tombstone:undead_killed":3,"minecraft:deaths":1,"minecraft:sneak_time":1986,"minecraft:walk_under_water_one_cm":2752,"minecraft:jump":481,"minecraft:walk_on_water_one_cm":5410,"minecraft:total_world_time":41380,"minecraft:fall_one_cm":14641},"minecraft:dropped":{"minecraft:wooden_pickaxe":1},"minecraft:picked_up":{"minecraft:crafting_table":2,"born_in_chaos_v1:diamond_termite_shard":1,"born_in_chaos_v1:monster_flesh":1,"darkestsouls:cinnabar":22,"minecraft:oak_log":18,"minecraft:gunpowder":1,"minecraft:lapis_lazuli":16,"minecraft:cobbled_deepslate":1,"duneons:pillagerfurnace":1,"minecraft:oak_planks":11,"minecraft:furnace":2,"minecraft:stick":4,"minecraft:raw_iron":11,"minecraft:porkchop":6,"minecraft:sand":27,"tombstone:grave_dust":2,"darkestsouls:siderite_fragment":5,"minecraft:rotten_flesh":1,"minecraft:diamond":1,"minecraft:gray_wool":1,"minecraft:mutton":7,"minecraft:white_wool":3,"minecraft:cobblestone":33},"minecraft:killed_by":{"cave_dweller:cave_dweller":1}},"DataVersion":3465}