{"stats":{"minecraft:dropped":{"minecraft:stone_hoe":1,"minecraft:glass_bottle":4,"minecraft:book":6,"minecraft:granite":2,"minecraft:chainmail_helmet":1,"minecraft:carrot":7,"minecraft:coal":1,"minecraft:leather_chestplate":2,"minecraft:gray_wool":1,"minecraft:diorite":2,"minecraft:stone_pickaxe":1,"minecraft:wooden_pickaxe":1},"minecraft:killed_by":{"cave_dweller:cave_dweller":1},"minecraft:custom":{"minecraft:interact_with_furnace":12,"minecraft:mob_kills":35,"minecraft:interact_with_crafting_table":8,"minecraft:damage_dealt_resisted":26,"minecraft:leave_game":2,"minecraft:time_since_death":64010,"minecraft:climb_one_cm":6425,"minecraft:damage_resisted":1860,"minecraft:time_since_rest":61611,"minecraft:sprint_one_cm":246842,"minecraft:damage_absorbed":90,"minecraft:damage_taken":1219,"minecraft:walk_one_cm":124353,"minecraft:drop":16,"minecraft:damage_dealt":7300,"tombstone:cast_on_ally":0,"minecraft:damage_dealt_absorbed":33,"minecraft:swim_one_cm":20119,"minecraft:fly_one_cm":228040,"minecraft:open_chest":100,"minecraft:crouch_one_cm":9028,"minecraft:play_time":89731,"tombstone:undead_killed":22,"minecraft:deaths":1,"minecraft:sneak_time":3249,"minecraft:walk_under_water_one_cm":19169,"minecraft:jump":1345,"minecraft:walk_on_water_one_cm":34869,"minecraft:total_world_time":89731,"minecraft:fall_one_cm":30278},"minecraft:used":{"minecraft:moss_block":1,"minecraft:cooked_mutton":3,"minecraft:mossy_stone_bricks":17,"minecraft:iron_shovel":32,"minecraft:stone_pickaxe":77,"minecraft:stone_shovel":27,"minecraft:oak_planks":34,"minecraft:wooden_pickaxe":3,"minecraft:iron_sword":52,"minecraft:chainmail_helmet":2,"minecraft:stone_hoe":10,"minecraft:torch":9,"minecraft:golden_apple":5,"minecraft:crafting_table":3,"tombstone:scroll_of_aquatic_life":1,"minecraft:carrot":9,"born_in_chaos_v1:monster_flesh":1,"minecraft:iron_pickaxe":75,"minecraft:diamond_sword":10,"duneons:rampartbrazier":1,"minecraft:iron_boots":1,"minecraft:stone_bricks":6,"minecraft:stone_axe":79,"minecraft:cobblestone":29,"minecraft:potion":5,"minecraft:furnace":3,"minecraft:cooked_porkchop":6,"duneons:pillagerfurnace":1},"minecraft:mined":{"minecraft:diamond_ore":1,"minecraft:mossy_cobblestone":2,"minecraft:dark_oak_leaves":1,"minecraft:crafting_table":2,"born_in_chaos_v1:infected_diamond_ore":1,"minecraft:torch":3,"minecraft:nether_bricks":1,"minecraft:granite":3,"darkestsouls:deepslate_siderite_ore":5,"minecraft:cobblestone":3,"minecraft:lapis_ore":1,"minecraft:oak_planks":11,"minecraft:diorite":2,"minecraft:wall_torch":1,"minecraft:spawner":7,"minecraft:smooth_stone":1,"minecraft:furnace":3,"minecraft:iron_ore":7,"minecraft:birch_leaves":1,"minecraft:andesite":4,"minecraft:stone_brick_stairs":1,"minecraft:deepslate_lapis_ore":2,"minecraft:nether_brick_stairs":4,"minecraft:iron_bars":8,"minecraft:grass":4,"minecraft:bookshelf":2,"minecraft:coal_ore":1,"minecraft:oak_log":18,"minecraft:deepslate_iron_ore":4,"minecraft:sand":27,"minecraft:cracked_stone_bricks":1,"born_in_chaos_v1:infernal_evil_pumpkin_s":1,"darkestsouls:deepslate_cinnabar_ore":15,"minecraft:stone":70,"minecraft:stone_bricks":1,"minecraft:mossy_stone_bricks":2,"minecraft:oak_leaves":5,"minecraft:deepslate":1,"duneons:pillagerfurnace":1},"minecraft:picked_up":{"minecraft:leather_chestplate":1,"minecraft:crafting_table":2,"born_in_chaos_v1:diamond_termite_shard":1,"iceandfire:witherbone":3,"born_in_chaos_v1:monster_flesh":1,"gnumus:gnumus_pouch":1,"darkestsouls:cinnabar":22,"minecraft:oak_log":18,"minecraft:gunpowder":1,"minecraft:lapis_lazuli":16,"minecraft:bone":6,"minecraft:cobbled_deepslate":1,"duneons:pillagerfurnace":1,"minecraft:moss_block":1,"minecraft:oak_planks":11,"minecraft:iron_boots":1,"minecraft:furnace":3,"minecraft:book":6,"minecraft:stick":4,"minecraft:raw_iron":11,"darkestsouls:soul_fragment":2,"minecraft:torch":4,"minecraft:porkchop":6,"minecraft:sand":27,"tombstone:grave_dust":3,"minecraft:diorite":2,"minecraft:arrow":3,"darkestsouls:siderite_fragment":5,"minecraft:rotten_flesh":1,"born_in_chaos_v1:fire_dust":1,"minecraft:diamond":1,"gnumus:gnumus_clay":5,"minecraft:iron_helmet":1,"minecraft:granite":2,"minecraft:gray_wool":1,"minecraft:mutton":7,"minecraft:coal":2,"minecraft:white_wool":3,"minecraft:cobblestone":68},"minecraft:killed":{"darkestsouls:bonewheel":1,"darkestsouls:church_doctor":1,"minecraft:pig":2,"born_in_chaos_v1:diamond_termite":1,"minecraft:spider":1,"minecraft:skeleton":6,"minecraft:sheep":4,"enemyexpansion:crawler":1,"minecraft:zombie":10,"born_in_chaos_v1:dread_hound":1,"born_in_chaos_v1:corpse_fly":1,"darkestsouls:skeleton_falchion":1,"darkestsouls:beast_patient":1,"minecraft:wither_skeleton":4},"minecraft:broken":{"minecraft:stone_axe":1},"minecraft:crafted":{"minecraft:oak_planks":72,"minecraft:stone_shovel":1,"minecraft:cooked_porkchop":6,"minecraft:crafting_table":2,"minecraft:wooden_pickaxe":1,"minecraft:furnace":1,"minecraft:stone_axe":1,"minecraft:cooked_mutton":3,"minecraft:air":0,"minecraft:stick":12,"minecraft:iron_ingot":3,"minecraft:iron_pickaxe":1,"minecraft:stone_pickaxe":1,"minecraft:torch":4,"minecraft:stone_hoe":1}},"DataVersion":3465}