{"stats":{"minecraft:mined":{"minecraft:grass":3,"minecraft:oak_log":5,"minecraft:sand":27,"minecraft:stone":27,"minecraft:oak_leaves":5},"minecraft:used":{"minecraft:stone_pickaxe":24,"minecraft:stone_shovel":27,"minecraft:wooden_pickaxe":3,"minecraft:stone_axe":9,"minecraft:crafting_table":1},"minecraft:crafted":{"minecraft:oak_planks":16,"minecraft:stone_shovel":1,"minecraft:crafting_table":1,"minecraft:stick":12,"minecraft:wooden_pickaxe":1,"minecraft:stone_pickaxe":1,"minecraft:stone_hoe":1,"minecraft:stone_axe":1},"minecraft:killed":{"minecraft:sheep":4,"minecraft:skeleton":1,"minecraft:pig":2},"minecraft:custom":{"minecraft:time_since_rest":17380,"minecraft:sprint_one_cm":18616,"minecraft:damage_taken":60,"minecraft:walk_one_cm":7653,"minecraft:mob_kills":7,"minecraft:drop":1,"minecraft:damage_dealt":720,"minecraft:swim_one_cm":4815,"minecraft:interact_with_crafting_table":4,"minecraft:fly_one_cm":40754,"minecraft:crouch_one_cm":2508,"minecraft:play_time":17380,"tombstone:undead_killed":1,"minecraft:sneak_time":867,"minecraft:walk_under_water_one_cm":128,"minecraft:jump":175,"minecraft:time_since_death":17380,"minecraft:walk_on_water_one_cm":152,"minecraft:total_world_time":17380,"minecraft:fall_one_cm":7275},"minecraft:dropped":{"minecraft:wooden_pickaxe":1},"minecraft:picked_up":{"minecraft:stick":4,"minecraft:porkchop":6,"minecraft:sand":27,"minecraft:oak_log":5,"tombstone:grave_dust":2,"minecraft:gray_wool":1,"minecraft:mutton":7,"minecraft:white_wool":3,"minecraft:cobblestone":27}},"DataVersion":3465}