{"stats":{"minecraft:mined":{"minecraft:white_bed":2,"duneons:darkstonebricks":12,"duneons:ashblock":6,"minecraft:jungle_leaves":8,"duneons:charredstone":11,"minecraft:granite":3,"minecraft:grass_block":3,"unusualprehistory:plant_fossil":8,"minecraft:jungle_log":3,"darkestsouls:deepslate_siderite_ore":5,"duneons:dungeonbarrel":2,"minecraft:spawner":12,"minecraft:smooth_stone":1,"duneons:charredgrassblock":3,"minecraft:iron_ore":7,"minecraft:deepslate_lapis_ore":2,"minecraft:nether_brick_stairs":4,"minecraft:iron_bars":8,"duneons:highlandlog":3,"duneons:namelessstatue":1,"minecraft:tripwire":1,"duneons:dustybookshelf":2,"minecraft:torch":4,"minecraft:melon":6,"minecraft:cobblestone":5,"minecraft:oak_planks":11,"minecraft:wall_torch":1,"minecraft:deepslate_copper_ore":2,"minecraft:tnt":29,"minecraft:stone_brick_stairs":2,"minecraft:grass":14,"minecraft:oak_log":28,"minecraft:dirt":3,"minecraft:sand":27,"duneons:sinker":1,"duneons:dungeonscharreddirt":4,"darkestsouls:deepslate_cinnabar_ore":15,"born_in_chaos_v1:infernal_evil_pumpkin_s":1,"minecraft:oak_leaves":6,"minecraft:deepslate":128,"minecraft:diamond_ore":1,"minecraft:mossy_cobblestone":2,"minecraft:dark_oak_leaves":5,"minecraft:deepslate_diamond_ore":3,"born_in_chaos_v1:infected_diamond_ore":1,"minecraft:nether_bricks":1,"duneons:tablemap":1,"duneons:highlandtallgrass":1,"duneons:darkcobblestonestairs":5,"minecraft:furnace":3,"minecraft:andesite":6,"duneons:shieldmobspawner":2,"duneons:slabspawn_3":1,"minecraft:bookshelf":2,"minecraft:deepslate_iron_ore":4,"minecraft:vine":1,"duneons:loot_biggrey":4,"gnumus:fragile_gnumus_jug":1,"minecraft:stone":233,"duneons:pillagerfurnace":2,"duneons:developerstatue":1,"minecraft:crafting_table":3,"duneons:runedoorblockarrow":1,"duneons:darkstone_bricks_stairs":7,"duneons:greenoutpostbricks":1,"duneons:smoothdarkstonebricks":1,"minecraft:copper_ore":3,"minecraft:lapis_ore":1,"minecraft:diorite":2,"duneons:outpostwood_planks":9,"minecraft:birch_leaves":1,"duneons:highlandfern":4,"minecraft:coal_ore":14,"minecraft:cobweb":1,"minecraft:cracked_stone_bricks":1,"minecraft:stone_bricks":1,"minecraft:mossy_stone_bricks":2,"minecraft:fern":4},"minecraft:used":{"minecraft:moss_block":1,"minecraft:iron_shovel":32,"duneons:outpostwood_planks":15,"minecraft:chest":1,"minecraft:iron_sword":52,"minecraft:jungle_planks":7,"minecraft:carrot":44,"duneons:tablemap":1,"duneons:wagonblock":1,"duneons:dungeonscharredcobblestone":11,"duneons:rampartbrazier":1,"minecraft:stone_bricks":47,"minecraft:furnace":3,"minecraft:skeleton_skull":1,"minecraft:mossy_stone_bricks":17,"duneons:charredgrassblock":1,"minecraft:stone_pickaxe":135,"minecraft:oak_planks":35,"minecraft:ender_pearl":2,"minecraft:wooden_pickaxe":6,"duneons:darkcobblestonestairs":1,"minecraft:chainmail_helmet":2,"minecraft:jungle_boat":1,"minecraft:golden_apple":5,"duneons:sinker":1,"duneons:diamondpickaxedungeon":30,"born_in_chaos_v1:monster_flesh":2,"minecraft:melon_slice":16,"minecraft:diamond_sword":477,"duneons:red_stone_golem_skull":1,"minecraft:andesite":2,"minecraft:oak_boat":1,"duneons:tgaxe":4,"minecraft:stone_shovel":27,"duneons:darkstonebricks":2,"duneons:dungeonscharreddirt":2,"minecraft:stone_hoe":10,"duneons:ashblock":6,"minecraft:torch":14,"minecraft:dirt":5,"tombstone:scroll_of_aquatic_life":1,"duneons:crumsoncoresword":101,"duneons:soul_scythe":34,"duneons:dustybookshelf":2,"minecraft:iron_boots":1,"minecraft:beef":1,"tombstone:gift":6,"minecraft:cobbled_deepslate":124,"minecraft:cooked_mutton":6,"minecraft:tnt":16,"minecraft:crafting_table":8,"minecraft:white_bed":3,"tombstone:bag_of_seeds":1,"duneons:smoothdarkstonebricks":1,"minecraft:chicken":1,"minecraft:iron_pickaxe":370,"tombstone:magic_scroll":1,"minecraft:stone_axe":91,"minecraft:cobblestone":178,"minecraft:potion":5,"minecraft:cooked_porkchop":6,"duneons:pillagerfurnace":1,"duneons:highlandfern":1},"minecraft:custom":{"minecraft:interact_with_crafting_table":24,"minecraft:open_barrel":9,"minecraft:leave_game":6,"minecraft:time_since_death":42058,"minecraft:damage_resisted":38597,"minecraft:sprint_one_cm":574339,"minecraft:drop":48,"minecraft:play_time":284270,"minecraft:deaths":6,"minecraft:jump":5749,"minecraft:walk_on_water_one_cm":78416,"minecraft:interact_with_furnace":12,"minecraft:sleep_in_bed":2,"minecraft:damage_dealt":50171,"minecraft:crouch_one_cm":28831,"tombstone:undead_killed":42,"minecraft:mob_kills":171,"minecraft:interact_with_campfire":3,"minecraft:damage_dealt_resisted":1144,"minecraft:climb_one_cm":19597,"minecraft:walk_one_cm":453905,"vampirism:skills_unlocked":5,"minecraft:damage_dealt_absorbed":33,"minecraft:sneak_time":11578,"minecraft:walk_under_water_one_cm":83322,"minecraft:boat_one_cm":16981,"minecraft:total_world_time":284270,"tombstone:raider_killed":66,"minecraft:time_since_rest":40110,"vampirism:resurrected":2,"minecraft:damage_taken":200611,"minecraft:damage_absorbed":97,"tombstone:cast_on_ally":0,"minecraft:swim_one_cm":244807,"minecraft:fly_one_cm":1384903,"minecraft:open_chest":149,"minecraft:fall_one_cm":95741},"minecraft:picked_up":{"duneons:darkstonebricks":2,"minecraft:suspicious_stew":1,"gnumus:gnumus_claw":6,"minecraft:diamond_sword":2,"duneons:oakwoodbrew":6,"darkestsouls:beast_blood_clump":7,"duneons:enderhammer":1,"minecraft:string":2,"duneons:ashblock":9,"minecraft:raw_copper":13,"darkestsouls:rune_fragment":6,"minecraft:cobbled_deepslate":125,"duneons:whip":2,"unusualprehistory:plant_fossil_item":8,"minecraft:melon_slice":26,"minecraft:iron_boots":1,"minecraft:furnace":3,"duneons:highlandlog":3,"minecraft:stick":4,"minecraft:torch":5,"minecraft:porkchop":9,"duneons:magicwand":1,"duneons:saber":1,"minecraft:diorite":2,"tombstone:grave_dust":8,"vampirism:vampire_fang":1,"vampirism:amulet":1,"minecraft:rotten_flesh":1,"darkestsouls:titanite_fragment":1,"duneons:soul_scythe":1,"duneons:goldmace":1,"minecraft:obsidian":1,"minecraft:cobblestone":224,"minecraft:leather_chestplate":1,"duneons:developerstatue":1,"minecraft:andesite":2,"minecraft:jungle_log":3,"darkestsouls:cinnabar":22,"duneons:purplevangardpotion":1,"duneons:scattermines":3,"minecraft:lapis_lazuli":16,"minecraft:dirt":5,"gnumus:gnumus_pouch_2":2,"duneons:wagonblock":2,"minecraft:bone":18,"minecraft:bow":1,"minecraft:wheat_seeds":2,"duneons:pillagerfurnace":1,"minecraft:moss_block":1,"minecraft:oak_planks":25,"minecraft:pitcher_pod":1,"duneons:sinker":1,"duneons:red_stone_golem_skull":1,"patchouli:guide_book":2,"vampirism:ring":4,"duneons:namelessstatue":1,"duneons:sugarrush":1,"minecraft:sand":27,"duneons:poleaxe":3,"born_in_chaos_v1:fire_dust":1,"minecraft:diamond":6,"gnumus:gnumus_clay":23,"minecraft:crossbow":1,"minecraft:granite":2,"minecraft:bread":7,"minecraft:emerald":37,"minecraft:oak_sapling":1,"born_in_chaos_v1:diamond_termite_shard":1,"minecraft:crafting_table":3,"iceandfire:witherbone":3,"minecraft:chicken":1,"duneons:ghost_cloak":1,"minecraft:iron_shovel":1,"duneons:tgaxe":3,"minecraft:beef":1,"duneons:darkcobblestonestairs":1,"minecraft:raw_iron":11,"darkestsouls:soul_fragment":7,"duneons:draogn_robe_chestplate":1,"duneons:dustybookshelf":2,"duneons:burningpotion":1,"minecraft:tnt":29,"minecraft:arrow":4,"duneons:royaleshield":1,"minecraft:gold_ingot":4,"gnumus:mouse_skin":10,"minecraft:mutton":13,"minecraft:white_wool":3,"born_in_chaos_v1:fused_bone":4,"duneons:dungeonscharreddirt":4,"born_in_chaos_v1:monster_flesh":2,"gnumus:gnumus_pouch":1,"minecraft:oak_log":28,"darkestsouls:firebomb":1,"minecraft:gunpowder":1,"tombstone:gift":1,"minecraft:cooked_mutton":3,"duneons:charredgrassblock":1,"duneons:crumsoncoresword":1,"duneons:smoothdarkstonebricks":1,"guideapi_vp:vampirism-guidebook":2,"duneons:outpostwood_planks":9,"duneons:mountaineeraxeiron":2,"tombstone:bag_of_seeds":1,"minecraft:book":6,"duneons:dungeonscharredcobblestone":18,"duneons:highlandfern":1,"minecraft:white_bed":2,"minecraft:crying_obsidian":1,"duneons:darkkatana":1,"minecraft:pumpkin_seeds":6,"darkestsouls:siderite_fragment":5,"minecraft:iron_helmet":1,"duneons:tablemap":1,"minecraft:gray_wool":1,"darkestsouls:small_soul_fragment":1,"tombstone:magic_scroll":1,"duneons:miniredstonegolem":1,"minecraft:coal":15},"minecraft:dropped":{"minecraft:glass_bottle":4,"minecraft:mutton":3,"minecraft:bone":1,"duneons:outpostwood_planks":4,"minecraft:oak_planks":3,"guideapi_vp:vampirism-guidebook":1,"minecraft:carrot":7,"minecraft:leather_chestplate":2,"minecraft:stone_hoe":1,"duneons:tgaxe":3,"minecraft:cobblestone":4,"minecraft:book":6,"duneons:ashblock":3,"minecraft:granite":2,"duneons:dungeonscharreddirt":2,"minecraft:chainmail_helmet":1,"minecraft:coal":1,"minecraft:stick":4,"minecraft:gray_wool":1,"duneons:poleaxe":2,"minecraft:diorite":2,"tombstone:grave_key":1,"duneons:dungeonscharredcobblestone":7,"duneons:wagonblock":1,"duneons:mountaineeraxeiron":2,"vampirism:ring":4,"minecraft:pumpkin_seeds":6,"minecraft:diamond_sword":2,"gnumus:gnumus_clay":6,"minecraft:oak_sapling":1,"minecraft:bow":1,"minecraft:stone_pickaxe":2,"minecraft:wooden_pickaxe":2,"minecraft:raw_gold":4},"minecraft:crafted":{"minecraft:oak_planks":112,"minecraft:cooked_mutton":3,"minecraft:chest":2,"minecraft:stone_hoe":1,"sophisticatedbackpacks:backpack":1,"minecraft:cooked_porkchop":6,"minecraft:crafting_table":6,"minecraft:jungle_boat":1,"minecraft:wooden_pickaxe":2,"minecraft:stick":24,"minecraft:iron_ingot":3,"minecraft:iron_pickaxe":1,"minecraft:stone_shovel":1,"minecraft:furnace":1,"minecraft:leather":4,"minecraft:stone_pickaxe":2,"sophisticatedbackpacks:iron_backpack":1,"sophisticatedbackpacks:gold_backpack":1,"minecraft:stone_axe":1,"minecraft:air":0,"duneons:outpostwood_planks":12,"minecraft:jungle_planks":12,"minecraft:oak_boat":1,"minecraft:white_wool":3,"minecraft:white_bed":1,"minecraft:torch":20},"minecraft:killed":{"darkestsouls:gravetender_hollow_longsword":3,"vampirism:vampire":1,"darkestsouls:bonewheel":1,"born_in_chaos_v1:zombie_lumberjack":1,"minecraft:spider":2,"darkestsouls:leech":1,"born_in_chaos_v1:siamese_skeletonsright":2,"minecraft:skeleton":9,"minecraft:chicken":1,"darkestsouls:beast_patient":3,"darkestsouls:church_doctor_lantern":1,"darkestsouls:hollow_longsword":1,"darkestsouls:hollow_assassin":1,"minecraft:pig":4,"born_in_chaos_v1:diamond_termite":1,"duneons:mountaineer":8,"mowziesmobs:lantern":1,"minecraft:sheep":4,"minecraft:pillager":11,"minecraft:zombie":13,"born_in_chaos_v1:dread_hound":4,"born_in_chaos_v1:corpse_fly":1,"born_in_chaos_v1:door_knight":1,"born_in_chaos_v1:siamese_skeletonsleft":2,"minecraft:cow":1,"darkestsouls:hollow_axe":2,"darkestsouls:church_doctor":1,"minecraft:vindicator":54,"enemyexpansion:direwolf":1,"born_in_chaos_v1:thornshell_crab":1,"born_in_chaos_v1:maggot":3,"darkestsouls:hollow_broken_straightsword":1,"duneons:squallgolem":2,"darkestsouls:skeleton_falchion":1,"minecraft:drowned":1,"duneons:obsidianmonstrosity":1,"gnumus:gnumus_hunter_not_dispawn":2,"minecraft:husk":5,"duneons:tempestgolemsleep":1,"enemyexpansion:crawler":1,"enemyexpansion:huntsman":2,"darkestsouls:cloaked_beast_patient":6,"minecraft:wither_skeleton":4,"duneons:geomancer":1},"minecraft:killed_by":{"minecraft:vindicator":2,"darkestsouls:leech":1,"cave_dweller:cave_dweller":1},"minecraft:broken":{"duneons:crumsoncoresword":1,"minecraft:iron_boots":1,"minecraft:stone_axe":1,"minecraft:golden_chestplate":1,"duneons:beehive_helmet":1}},"DataVersion":3465}