{"stats":{"minecraft:mined":{"minecraft:furnace":1,"minecraft:crafting_table":1,"minecraft:grass":3,"minecraft:oak_log":8,"minecraft:deepslate_iron_ore":3,"minecraft:sand":27,"minecraft:cobblestone":1,"minecraft:stone":32,"minecraft:oak_planks":8,"minecraft:oak_leaves":5,"duneons:pillagerfurnace":1},"minecraft:used":{"minecraft:cooked_mutton":3,"minecraft:stone_pickaxe":36,"minecraft:stone_shovel":27,"minecraft:wooden_pickaxe":3,"minecraft:stone_axe":22,"minecraft:cobblestone":1,"minecraft:crafting_table":3,"minecraft:furnace":2,"duneons:pillagerfurnace":1},"minecraft:crafted":{"minecraft:oak_planks":20,"minecraft:stone_shovel":1,"minecraft:crafting_table":2,"minecraft:stick":12,"minecraft:wooden_pickaxe":1,"minecraft:stone_pickaxe":1,"minecraft:furnace":1,"minecraft:stone_hoe":1,"minecraft:stone_axe":1,"minecraft:air":0,"minecraft:cooked_mutton":3},"minecraft:killed":{"minecraft:sheep":4,"minecraft:skeleton":1,"minecraft:pig":2},"minecraft:custom":{"minecraft:time_since_rest":1260,"minecraft:interact_with_furnace":5,"minecraft:sprint_one_cm":56879,"minecraft:damage_taken":465,"minecraft:walk_one_cm":20001,"minecraft:mob_kills":7,"minecraft:drop":1,"minecraft:damage_dealt":810,"minecraft:swim_one_cm":10109,"minecraft:interact_with_crafting_table":7,"minecraft:fly_one_cm":99547,"minecraft:crouch_one_cm":2914,"minecraft:deaths":1,"minecraft:play_time":29380,"tombstone:undead_killed":1,"minecraft:sneak_time":1136,"minecraft:walk_under_water_one_cm":2752,"minecraft:jump":371,"minecraft:time_since_death":3659,"minecraft:walk_on_water_one_cm":2340,"minecraft:total_world_time":29380,"minecraft:fall_one_cm":12786},"minecraft:dropped":{"minecraft:wooden_pickaxe":1},"minecraft:picked_up":{"minecraft:raw_iron":3,"minecraft:crafting_table":1,"minecraft:stick":4,"minecraft:porkchop":6,"minecraft:sand":27,"minecraft:oak_log":8,"tombstone:grave_dust":2,"duneons:pillagerfurnace":1,"minecraft:gray_wool":1,"minecraft:oak_planks":7,"minecraft:mutton":7,"minecraft:white_wool":3,"minecraft:cobblestone":33,"minecraft:furnace":1},"minecraft:killed_by":{"cave_dweller:cave_dweller":1}},"DataVersion":3465}