{"stats":{"minecraft:used":{"minecraft:iron_chestplate":1,"minecraft:porkchop":2,"minecraft:melon_slice":7,"minecraft:iron_sword":3},"minecraft:mined":{"minecraft:grass":4,"minecraft:oak_log":5,"minecraft:melon":5,"minecraft:jungle_leaves":14},"minecraft:killed":{"minecraft:pig":1},"minecraft:custom":{"minecraft:open_barrel":3,"minecraft:open_chest":2,"minecraft:time_since_rest":9982,"minecraft:crouch_one_cm":175,"minecraft:play_time":9982,"minecraft:sprint_one_cm":58144,"minecraft:damage_taken":140,"minecraft:walk_one_cm":12568,"minecraft:sneak_time":30,"minecraft:walk_under_water_one_cm":719,"minecraft:mob_kills":1,"minecraft:jump":438,"minecraft:damage_dealt":235,"minecraft:leave_game":1,"minecraft:time_since_death":9982,"minecraft:walk_on_water_one_cm":1053,"minecraft:total_world_time":9982,"minecraft:climb_one_cm":3019,"minecraft:swim_one_cm":5951,"minecraft:fall_one_cm":9931,"minecraft:fly_one_cm":92734},"minecraft:picked_up":{"minecraft:porkchop":2,"minecraft:oak_log":5,"minecraft:jungle_sapling":1,"minecraft:melon_slice":26}},"DataVersion":3465}