{"stats":{"minecraft:mined":{"minecraft:jungle_leaves":22,"minecraft:grass":5,"minecraft:oak_log":5,"minecraft:melon":6,"minecraft:vine":9,"minecraft:iron_bars":4,"minecraft:wall_torch":1,"minecraft:spawner":6},"minecraft:used":{"minecraft:melon_slice":8,"minecraft:bread":3,"minecraft:iron_pickaxe":14,"minecraft:shield":2,"minecraft:iron_sword":10,"minecraft:stone_axe":45,"minecraft:iron_chestplate":1,"minecraft:torch":13,"minecraft:crafting_table":1,"minecraft:porkchop":2,"tombstone:gift":2},"minecraft:crafted":{"minecraft:oak_planks":20,"minecraft:crafting_table":1,"minecraft:iron_pickaxe":1},"minecraft:killed":{"minecraft:skeleton":7,"minecraft:pig":1,"minecraft:spider":2},"minecraft:custom":{"minecraft:time_since_rest":8625,"minecraft:sprint_one_cm":136570,"minecraft:damage_taken":459,"minecraft:walk_one_cm":32107,"minecraft:damage_blocked_by_shield":60,"minecraft:mob_kills":10,"minecraft:drop":4,"minecraft:damage_dealt":1995,"minecraft:swim_one_cm":6847,"minecraft:interact_with_crafting_table":1,"minecraft:fly_one_cm":159345,"minecraft:open_barrel":7,"minecraft:open_chest":21,"minecraft:crouch_one_cm":175,"minecraft:play_time":21878,"tombstone:undead_killed":7,"minecraft:deaths":1,"minecraft:sneak_time":33,"minecraft:walk_under_water_one_cm":796,"minecraft:jump":739,"minecraft:leave_game":2,"minecraft:time_since_death":10439,"minecraft:walk_on_water_one_cm":3524,"minecraft:total_world_time":21878,"minecraft:climb_one_cm":5090,"minecraft:fall_one_cm":14355},"minecraft:dropped":{"minecraft:leather_chestplate":1,"minecraft:gold_nugget":32,"minecraft:iron_bars":4},"minecraft:picked_up":{"minecraft:leather_chestplate":1,"minecraft:torch":1,"minecraft:porkchop":2,"minecraft:oak_log":5,"minecraft:shield":1,"minecraft:spider_eye":1,"minecraft:bone":6,"minecraft:leather_boots":1,"minecraft:arrow":6,"minecraft:jungle_sapling":1,"minecraft:melon_slice":31,"minecraft:iron_bars":6},"minecraft:killed_by":{"minecraft:husk":1}},"DataVersion":3465}