{"stats":{"minecraft:mined":{"minecraft:jungle_leaves":22,"minecraft:grass_block":1,"minecraft:melon":7,"minecraft:wall_torch":1,"minecraft:spawner":13,"gnumus:scion_weed":1,"minecraft:stone_brick_stairs":1,"minecraft:vine":10,"minecraft:grass":5,"minecraft:mossy_stone_brick_stairs":2,"minecraft:oak_log":5,"minecraft:iron_bars":10,"minecraft:fern":1},"minecraft:used":{"minecraft:cooked_mutton":1,"simplyswords:diamond_glaive":96,"minecraft:stone_pickaxe":8,"minecraft:baked_potato":4,"minecraft:shield":2,"minecraft:iron_sword":26,"minecraft:iron_chestplate":1,"minecraft:torch":54,"minecraft:crafting_table":1,"minecraft:melon_slice":8,"minecraft:bread":8,"minecraft:iron_pickaxe":24,"minecraft:stone_axe":66,"minecraft:porkchop":2,"tombstone:gift":3},"minecraft:crafted":{"minecraft:oak_planks":20,"minecraft:crafting_table":1,"minecraft:iron_pickaxe":1},"minecraft:killed":{"minecraft:pig":1,"born_in_chaos_v1:baby_skeleton":1,"minecraft:spider":7,"born_in_chaos_v1:maggot":1,"minecraft:skeleton":12,"darkestsouls:skeleton_spear":3,"minecraft:zombie":11,"gnumus:gnumus_hunter":1},"minecraft:custom":{"minecraft:mob_kills":37,"minecraft:interact_with_crafting_table":2,"minecraft:open_barrel":8,"minecraft:leave_game":3,"minecraft:time_since_death":683,"minecraft:climb_one_cm":9771,"minecraft:time_since_rest":416,"minecraft:sprint_one_cm":282187,"minecraft:damage_taken":1299,"minecraft:walk_one_cm":75510,"minecraft:damage_blocked_by_shield":60,"minecraft:drop":16,"minecraft:damage_dealt":7753,"minecraft:swim_one_cm":10412,"minecraft:fly_one_cm":237700,"minecraft:open_chest":57,"minecraft:crouch_one_cm":637,"minecraft:play_time":42437,"tombstone:undead_killed":27,"minecraft:deaths":3,"minecraft:sneak_time":155,"minecraft:walk_under_water_one_cm":1074,"minecraft:jump":1083,"minecraft:walk_on_water_one_cm":9536,"minecraft:total_world_time":42437,"minecraft:fall_one_cm":18604},"minecraft:dropped":{"minecraft:rotten_flesh":9,"minecraft:apple":1,"simplyswords:diamond_glaive":1,"minecraft:leather_chestplate":1,"minecraft:gunpowder":11,"minecraft:leather_leggings":1,"minecraft:gold_nugget":32,"minecraft:spider_eye":2,"minecraft:iron_bars":12,"minecraft:bone":1},"minecraft:picked_up":{"minecraft:leather_chestplate":1,"minecraft:cooked_beef":2,"minecraft:oak_log":5,"minecraft:shield":1,"vampirism:hunter_coat_head_ultimate":1,"simplyswords:diamond_glaive":1,"minecraft:dirt":1,"minecraft:string":7,"minecraft:leather_boots":1,"minecraft:bone":11,"minecraft:bow":2,"minecraft:jungle_sapling":1,"minecraft:melon_slice":35,"minecraft:torch":1,"minecraft:porkchop":2,"minecraft:spider_eye":3,"minecraft:arrow":11,"minecraft:stone_shovel":1,"minecraft:rotten_flesh":9,"minecraft:chainmail_leggings":1,"minecraft:iron_bars":14},"minecraft:killed_by":{"minecraft:husk":1,"minecraft:zombie":2}},"DataVersion":3465}