{"stats":{"minecraft:mined":{"minecraft:jungle_leaves":22,"minecraft:grass":5,"minecraft:oak_log":5,"minecraft:melon":6,"minecraft:vine":9,"minecraft:iron_bars":8,"minecraft:wall_torch":1,"minecraft:spawner":10},"minecraft:used":{"minecraft:cooked_mutton":1,"minecraft:bread":6,"minecraft:melon_slice":8,"minecraft:iron_pickaxe":24,"minecraft:shield":2,"minecraft:iron_sword":19,"minecraft:stone_axe":66,"minecraft:iron_chestplate":1,"minecraft:torch":31,"minecraft:crafting_table":1,"minecraft:porkchop":2,"tombstone:gift":3},"minecraft:crafted":{"minecraft:oak_planks":20,"minecraft:crafting_table":1,"minecraft:iron_pickaxe":1},"minecraft:killed":{"minecraft:skeleton":9,"minecraft:zombie":2,"minecraft:pig":1,"minecraft:spider":4,"born_in_chaos_v1:maggot":1},"minecraft:custom":{"minecraft:time_since_rest":14507,"minecraft:sprint_one_cm":172557,"minecraft:damage_taken":569,"minecraft:walk_one_cm":42674,"minecraft:damage_blocked_by_shield":60,"minecraft:mob_kills":17,"minecraft:drop":5,"minecraft:damage_dealt":3172,"minecraft:swim_one_cm":6847,"minecraft:interact_with_crafting_table":2,"minecraft:fly_one_cm":174719,"minecraft:open_barrel":7,"minecraft:open_chest":39,"minecraft:crouch_one_cm":200,"minecraft:play_time":27760,"tombstone:undead_killed":11,"minecraft:deaths":1,"minecraft:sneak_time":34,"minecraft:walk_under_water_one_cm":796,"minecraft:jump":804,"minecraft:leave_game":2,"minecraft:time_since_death":16321,"minecraft:walk_on_water_one_cm":7083,"minecraft:total_world_time":27760,"minecraft:climb_one_cm":5478,"minecraft:fall_one_cm":14355},"minecraft:dropped":{"minecraft:leather_chestplate":1,"minecraft:leather_leggings":1,"minecraft:gold_nugget":32,"minecraft:iron_bars":4},"minecraft:picked_up":{"minecraft:leather_chestplate":1,"minecraft:torch":1,"minecraft:porkchop":2,"minecraft:oak_log":5,"minecraft:shield":1,"minecraft:string":2,"minecraft:spider_eye":2,"minecraft:arrow":8,"minecraft:bone":10,"minecraft:leather_boots":1,"minecraft:stone_shovel":1,"minecraft:chainmail_leggings":1,"minecraft:jungle_sapling":1,"minecraft:melon_slice":31,"minecraft:iron_bars":10},"minecraft:killed_by":{"minecraft:husk":1}},"DataVersion":3465}