{
  "minecraft:recipes/decorations/ladder": {
    "criteria": {
      "has_stick": "2024-07-08 19:51:58 +0000"
    },
    "done": true
  },
  "spartanweaponry:recipes/wooden_scythe": {
    "criteria": {
      "has_wood": "2024-07-08 19:51:45 +0000"
    },
    "done": true
  },
  "spartanweaponry:recipes/stone_glaive": {
    "criteria": {
      "has_cobblestone": "2024-07-08 19:52:11 +0000"
    },
    "done": true
  },
  "takesapillage:root": {
    "criteria": {
      "always": "2024-07-08 19:50:47 +0000"
    },
    "done": true
  },
  "securitycraft:recipes/redstone/reinforced_birch_fence_gate": {
    "criteria": {
      "has_stick": "2024-07-08 19:51:58 +0000"
    },
    "done": true
  },
  "securitycraft:recipes/redstone/reinforced_crimson_fence_gate": {
    "criteria": {
      "has_stick": "2024-07-08 19:51:58 +0000"
    },
    "done": true
  },
  "securitycraft:recipes/misc/motion_activated_light": {
    "criteria": {
      "has_stick": "2024-07-08 19:51:58 +0000"
    },
    "done": true
  },
  "deeperdarker:recipes/transportation/echo_boat": {
    "criteria": {
      "in_water": "2024-07-08 19:55:08 +0000"
    },
    "done": true
  },
  "securitycraft:recipes/redstone/reinforced_jungle_fence_gate": {
    "criteria": {
      "has_stick": "2024-07-08 19:51:58 +0000"
    },
    "done": true
  },
  "incendium:technical/sentrys_wrath": {
    "criteria": {
      "log_spam_fixer": "2024-07-08 19:55:15 +0000"
    },
    "done": false
  },
  "spartanweaponry:recipes/stone_longsword": {
    "criteria": {
      "has_cobblestone": "2024-07-08 19:52:11 +0000"
    },
    "done": true
  },
  "another_furniture:recipes/oak_drawer": {
    "criteria": {
      "has_planks": "2024-07-08 19:51:58 +0000"
    },
    "done": true
  },
  "minecraft:recipes/decorations/oak_sign": {
    "criteria": {
      "has_planks": "2024-07-08 19:51:45 +0000"
    },
    "done": true
  },
  "minecraft:recipes/building_blocks/red_concrete_powder": {
    "criteria": {
      "has_sand": "2024-07-08 19:54:49 +0000"
    },
    "done": true
  },
  "aquaculture:recipes/aquaculture/heavy_hook": {
    "criteria": {
      "has_items": "2024-07-08 19:50:47 +0000"
    },
    "done": true
  },
  "aquaculture:recipes/decorations/birch_fish_mount": {
    "criteria": {
      "has_items": "2024-07-08 19:50:47 +0000"
    },
    "done": true
  },
  "another_furniture:recipes/oak_chair": {
    "criteria": {
      "has_planks": "2024-07-08 19:51:45 +0000"
    },
    "done": true
  },
  "spartanweaponry:recipes/stone_katana": {
    "criteria": {
      "has_cobblestone": "2024-07-08 19:52:11 +0000"
    },
    "done": true
  },
  "spartanweaponry:recipes/stone_battle_hammer": {
    "criteria": {
      "has_cobblestone": "2024-07-08 19:52:11 +0000"
    },
    "done": true
  },
  "spartanweaponry:recipes/wooden_spear": {
    "criteria": {
      "has_wood": "2024-07-08 19:51:45 +0000"
    },
    "done": true
  },
  "aquaculture:recipes/misc/neptunium_ingot_from_neptunium_block": {
    "criteria": {
      "has_items": "2024-07-08 19:50:47 +0000"
    },
    "done": true
  },
  "minecraft:story/mine_stone": {
    "criteria": {
      "get_stone": "2024-07-08 19:52:11 +0000"
    },
    "done": true
  },
  "minecraft:recipes/decorations/furnace": {
    "criteria": {
      "has_cobblestone": "2024-07-08 19:52:11 +0000"
    },
    "done": true
  },
  "minecraft:recipes/building_blocks/green_concrete_powder": {
    "criteria": {
      "has_sand": "2024-07-08 19:54:49 +0000"
    },
    "done": true
  },
  "spartanshields:recipes/wooden_basic_shield": {
    "criteria": {
      "has_planks": "2024-07-08 19:51:45 +0000"
    },
    "done": true
  },
  "spartanweaponry:recipes/stone_throwing_knife": {
    "criteria": {
      "has_cobblestone": "2024-07-08 19:52:11 +0000"
    },
    "done": true
  },
  "minecraft:recipes/tools/wooden_axe": {
    "criteria": {
      "has_stick": "2024-07-08 19:51:58 +0000"
    },
    "done": true
  },
  "simplyswords:grant_book_on_first_join": {
    "criteria": {
      "tick": "2024-07-08 19:50:47 +0000"
    },
    "done": true
  },
  "minecraft:recipes/building_blocks/blue_concrete_powder": {
    "criteria": {
      "has_sand": "2024-07-08 19:54:49 +0000"
    },
    "done": true
  },
  "aquaculture:recipes/misc/iron_nugget_from_smelting": {
    "criteria": {
      "has_fishing_rod": "2024-07-08 19:50:47 +0000",
      "has_fillet_knife": "2024-07-08 19:50:47 +0000"
    },
    "done": true
  },
  "securitycraft:recipes/redstone/reinforced_spruce_fence_gate": {
    "criteria": {
      "has_stick": "2024-07-08 19:51:58 +0000"
    },
    "done": true
  },
  "incendium:technical/on_player_hurt": {
    "criteria": {
      "log_spam_fixer": "2024-07-08 19:55:15 +0000"
    },
    "done": false
  },
  "securitycraft:recipes/building_blocks/reinforced_andesite_with_vanilla_diorite": {
    "criteria": {
      "has_cobblestone": "2024-07-08 19:52:11 +0000"
    },
    "done": true
  },
  "minecraft:recipes/decorations/crafting_table": {
    "criteria": {
      "unlock_right_away": "2024-07-08 19:50:47 +0000"
    },
    "done": true
  },
  "minecraft:recipes/decorations/chest": {
    "criteria": {
      "has_lots_of_items": "2024-07-08 19:53:56 +0000"
    },
    "done": true
  },
  "aquaculture:recipes/tools/golden_fishing_rod": {
    "criteria": {
      "has_vanilla_rod": "2024-07-08 19:50:47 +0000"
    },
    "done": true
  },
  "minecraft:recipes/misc/stick": {
    "criteria": {
      "has_planks": "2024-07-08 19:51:45 +0000"
    },
    "done": true
  },
  "spartanweaponry:recipes/combat/pole_from_leather": {
    "criteria": {
      "has_stick": "2024-07-08 19:51:58 +0000"
    },
    "done": true
  },
  "another_furniture:recipes/dark_oak_drawer": {
    "criteria": {
      "has_planks": "2024-07-08 19:51:58 +0000"
    },
    "done": true
  },
  "aquaculture:recipes/misc/gold_nugget_from_smelting": {
    "criteria": {
      "has_fishing_rod": "2024-07-08 19:50:47 +0000",
      "has_fillet_knife": "2024-07-08 19:50:47 +0000"
    },
    "done": true
  },
  "minecraft:recipes/building_blocks/cobblestone_slab_from_cobblestone_stonecutting": {
    "criteria": {
      "has_cobblestone": "2024-07-08 19:52:11 +0000"
    },
    "done": true
  },
  "minecraft:recipes/transportation/cherry_boat": {
    "criteria": {
      "in_water": "2024-07-08 19:55:08 +0000"
    },
    "done": true
  },
  "mowziesmobs:root": {
    "criteria": {
      "custom_test_name": "2024-07-08 19:50:47 +0000"
    },
    "done": true
  },
  "minecraft:recipes/building_blocks/stone": {
    "criteria": {
      "has_cobblestone": "2024-07-08 19:52:11 +0000"
    },
    "done": true
  },
  "minecraft:recipes/transportation/bamboo_raft": {
    "criteria": {
      "in_water": "2024-07-08 19:55:08 +0000"
    },
    "done": true
  },
  "aquaculture:recipes/misc/bonemeal_from_fish_bones": {
    "criteria": {
      "has_items": "2024-07-08 19:50:47 +0000"
    },
    "done": true
  },
  "securitycraft:recipes/building_blocks/reinforced_andesite_with_vanilla_cobblestone": {
    "criteria": {
      "has_cobblestone": "2024-07-08 19:52:11 +0000"
    },
    "done": true
  },
  "spartanweaponry:recipes/wooden_saber": {
    "criteria": {
      "has_wood": "2024-07-08 19:51:45 +0000"
    },
    "done": true
  },
  "spartanweaponry:recipes/wooden_javelin": {
    "criteria": {
      "has_wood": "2024-07-08 19:51:45 +0000"
    },
    "done": true
  },
  "vampirism:recipes/decorations/general/tombstone2": {
    "criteria": {
      "has_coble": "2024-07-08 19:52:11 +0000"
    },
    "done": true
  },
  "securitycraft:recipes/misc/reinforced_acacia_fence": {
    "criteria": {
      "has_stick": "2024-07-08 19:51:58 +0000"
    },
    "done": true
  },
  "spartanweaponry:recipes/wooden_quarterstaff": {
    "criteria": {
      "has_wood": "2024-07-08 19:51:45 +0000"
    },
    "done": true
  },
  "spartanweaponry:recipes/stone_boomerang": {
    "criteria": {
      "has_cobblestone": "2024-07-08 19:52:11 +0000"
    },
    "done": true
  },
  "incendium:technical/new_player": {
    "criteria": {
      "requirement": "2024-07-08 19:50:47 +0000"
    },
    "done": true
  },
  "another_furniture:recipes/acacia_drawer": {
    "criteria": {
      "has_planks": "2024-07-08 19:51:58 +0000"
    },
    "done": true
  },
  "incendium:technical/on_kill": {
    "criteria": {
      "log_spam_fixer": "2024-07-08 19:55:15 +0000"
    },
    "done": false
  },
  "spartanweaponry:recipes/wooden_club": {
    "criteria": {
      "has_wood_log": "2024-07-08 19:51:21 +0000"
    },
    "done": true
  },
  "minecraft:recipes/building_blocks/lime_concrete_powder": {
    "criteria": {
      "has_sand": "2024-07-08 19:54:49 +0000"
    },
    "done": true
  },
  "iceandfire:iceandfire/root": {
    "criteria": {
      "tick": "2024-07-08 19:50:47 +0000"
    },
    "done": true
  },
  "vampirism:recipes/decorations/general/throne": {
    "criteria": {
      "has_planks": "2024-07-08 19:51:45 +0000"
    },
    "done": true
  },
  "vampirism:recipes/decorations/general/fire_place": {
    "criteria": {
      "has_logs": "2024-07-08 19:51:21 +0000"
    },
    "done": true
  },
  "securitycraft:recipes/redstone/reinforced_bamboo_fence_gate": {
    "criteria": {
      "has_stick": "2024-07-08 19:51:58 +0000"
    },
    "done": true
  },
  "aquaculture:recipes/misc/brown_mushroom_from_fish": {
    "criteria": {
      "has_items": "2024-07-08 19:50:47 +0000"
    },
    "done": true
  },
  "another_furniture:recipes/spruce_drawer": {
    "criteria": {
      "has_planks": "2024-07-08 19:51:58 +0000"
    },
    "done": true
  },
  "minecraft:recipes/building_blocks/orange_concrete_powder": {
    "criteria": {
      "has_sand": "2024-07-08 19:54:49 +0000"
    },
    "done": true
  },
  "minecraft:recipes/building_blocks/oak_slab": {
    "criteria": {
      "has_planks": "2024-07-08 19:51:45 +0000"
    },
    "done": true
  },
  "spartanweaponry:recipes/combat/handle_from_leather": {
    "criteria": {
      "has_stick": "2024-07-08 19:51:58 +0000"
    },
    "done": true
  },
  "spartanweaponry:recipes/wooden_warhammer": {
    "criteria": {
      "has_wood": "2024-07-08 19:51:45 +0000"
    },
    "done": true
  },
  "spartanweaponry:recipes/stone_tomahawk": {
    "criteria": {
      "has_cobblestone": "2024-07-08 19:52:11 +0000"
    },
    "done": true
  },
  "minecraft:recipes/tools/stone_pickaxe": {
    "criteria": {
      "has_cobblestone": "2024-07-08 19:52:11 +0000"
    },
    "done": true
  },
  "dungeons_arise:wda_root": {
    "criteria": {
      "WDA": "2024-07-08 19:50:47 +0000"
    },
    "done": true
  },
  "minecraft:recipes/building_blocks/magenta_concrete_powder": {
    "criteria": {
      "has_sand": "2024-07-08 19:54:49 +0000"
    },
    "done": true
  },
  "minecraft:recipes/decorations/campfire": {
    "criteria": {
      "has_stick": "2024-07-08 19:51:58 +0000"
    },
    "done": true
  },
  "aquaculture:recipes/tools/wooden_fillet_knife": {
    "criteria": {
      "has_items": "2024-07-08 19:51:58 +0000"
    },
    "done": true
  },
  "minecraft:recipes/tools/wooden_hoe": {
    "criteria": {
      "has_stick": "2024-07-08 19:51:58 +0000"
    },
    "done": true
  },
  "minecraft:recipes/redstone/oak_fence_gate": {
    "criteria": {
      "has_planks": "2024-07-08 19:51:45 +0000"
    },
    "done": true
  },
  "spartanweaponry:recipes/wooden_greatsword": {
    "criteria": {
      "has_wood": "2024-07-08 19:51:45 +0000"
    },
    "done": true
  },
  "minecraft:recipes/misc/charcoal": {
    "criteria": {
      "has_log": "2024-07-08 19:51:21 +0000"
    },
    "done": true
  },
  "securitycraft:recipes/misc/sonic_security_system": {
    "criteria": {
      "has_stick": "2024-07-08 19:51:58 +0000"
    },
    "done": true
  },
  "spartanweaponry:recipes/wooden_parrying_dagger": {
    "criteria": {
      "has_wood": "2024-07-08 19:51:45 +0000"
    },
    "done": true
  },
  "spartanweaponry:recipes/wooden_rapier": {
    "criteria": {
      "has_wood": "2024-07-08 19:51:45 +0000"
    },
    "done": true
  },
  "aquaculture:recipes/misc/neptinium_ingot_from_blasting": {
    "criteria": {
      "has_leggings": "2024-07-08 19:50:47 +0000",
      "has_axe": "2024-07-08 19:50:47 +0000",
      "has_helmet": "2024-07-08 19:50:47 +0000",
      "has_fishing_rod": "2024-07-08 19:50:47 +0000",
      "has_bow": "2024-07-08 19:50:47 +0000",
      "has_chestplate": "2024-07-08 19:50:47 +0000",
      "has_sword": "2024-07-08 19:50:47 +0000",
      "has_fillet_knife": "2024-07-08 19:50:47 +0000",
      "has_shovel": "2024-07-08 19:50:47 +0000",
      "has_hoe": "2024-07-08 19:50:47 +0000",
      "has_boots": "2024-07-08 19:50:47 +0000",
      "has_pickaxe": "2024-07-08 19:50:47 +0000"
    },
    "done": true
  },
  "incendium:technical/on_inventory_change": {
    "criteria": {
      "log_spam_fixer": "2024-07-08 19:55:15 +0000"
    },
    "done": false
  },
  "spartanweaponry:recipes/stone_battleaxe": {
    "criteria": {
      "has_cobblestone": "2024-07-08 19:52:11 +0000"
    },
    "done": true
  },
  "aquaculture:recipes/decorations/dark_oak_fish_mount": {
    "criteria": {
      "has_items": "2024-07-08 19:50:47 +0000"
    },
    "done": true
  },
  "minecraft:recipes/redstone/oak_door": {
    "criteria": {
      "has_planks": "2024-07-08 19:51:45 +0000"
    },
    "done": true
  },
  "spartanweaponry:recipes/wooden_boomerang": {
    "criteria": {
      "has_wood": "2024-07-08 19:51:45 +0000"
    },
    "done": true
  },
  "spartanweaponry:recipes/stone_spear": {
    "criteria": {
      "has_cobblestone": "2024-07-08 19:52:11 +0000"
    },
    "done": true
  },
  "spartanweaponry:recipes/wooden_throwing_knife": {
    "criteria": {
      "has_wood": "2024-07-08 19:51:45 +0000"
    },
    "done": true
  },
  "minecraft:recipes/tools/wooden_shovel": {
    "criteria": {
      "has_stick": "2024-07-08 19:51:58 +0000"
    },
    "done": true
  },
  "another_furniture:recipes/cherry_drawer": {
    "criteria": {
      "has_planks": "2024-07-08 19:51:58 +0000"
    },
    "done": true
  },
  "securitycraft:recipes/redstone/reinforced_dark_oak_fence_gate": {
    "criteria": {
      "has_stick": "2024-07-08 19:51:58 +0000"
    },
    "done": true
  },
  "minecraft:recipes/building_blocks/cobblestone_slab": {
    "criteria": {
      "has_cobblestone": "2024-07-08 19:52:11 +0000"
    },
    "done": true
  },
  "another_furniture:recipes/bamboo_drawer": {
    "criteria": {
      "has_planks": "2024-07-08 19:51:58 +0000"
    },
    "done": true
  },
  "minecraft:recipes/transportation/acacia_boat": {
    "criteria": {
      "in_water": "2024-07-08 19:55:08 +0000"
    },
    "done": true
  },
  "aquaculture:recipes/decorations/acacia_fish_mount": {
    "criteria": {
      "has_items": "2024-07-08 19:50:47 +0000"
    },
    "done": true
  },
  "vampirism:recipes/combat/hunter/crucifix": {
    "criteria": {
      "planks": "2024-07-08 19:51:45 +0000"
    },
    "done": true
  },
  "spartanweaponry:recipes/wooden_flanged_mace": {
    "criteria": {
      "has_wood": "2024-07-08 19:51:45 +0000"
    },
    "done": true
  },
  "minecraft:recipes/combat/wooden_sword": {
    "criteria": {
      "has_stick": "2024-07-08 19:51:58 +0000"
    },
    "done": true
  },
  "minecraft:recipes/building_blocks/oak_planks": {
    "criteria": {
      "has_logs": "2024-07-08 19:51:21 +0000"
    },
    "done": true
  },
  "aquaculture:recipes/aquaculture/diamond_hook": {
    "criteria": {
      "has_items": "2024-07-08 19:50:47 +0000"
    },
    "done": true
  },
  "minecraft:recipes/building_blocks/black_concrete_powder": {
    "criteria": {
      "has_sand": "2024-07-08 19:54:49 +0000"
    },
    "done": true
  },
  "aquaculture:recipes/food/sushi": {
    "criteria": {
      "has_alt_items": "2024-07-08 19:50:47 +0000",
      "has_items": "2024-07-08 19:50:47 +0000"
    },
    "done": true
  },
  "minecraft:recipes/decorations/barrel": {
    "criteria": {
      "has_planks": "2024-07-08 19:51:45 +0000"
    },
    "done": true
  },
  "incendium:technical/holy_wrath": {
    "criteria": {
      "log_spam_fixer": "2024-07-08 19:55:15 +0000"
    },
    "done": false
  },
  "minecraft:recipes/decorations/cobblestone_wall_from_cobblestone_stonecutting": {
    "criteria": {
      "has_cobblestone": "2024-07-08 19:52:11 +0000"
    },
    "done": true
  },
  "incendium:technical/on_block": {
    "criteria": {
      "log_spam_fixer": "2024-07-08 19:55:15 +0000"
    },
    "done": false
  },
  "securitycraft:recipes/misc/reinforced_birch_fence": {
    "criteria": {
      "has_stick": "2024-07-08 19:51:58 +0000"
    },
    "done": true
  },
  "spartanweaponry:recipes/stone_rapier": {
    "criteria": {
      "has_cobblestone": "2024-07-08 19:52:11 +0000"
    },
    "done": true
  },
  "securitycraft:recipes/misc/reinforced_dark_oak_fence": {
    "criteria": {
      "has_stick": "2024-07-08 19:51:58 +0000"
    },
    "done": true
  },
  "securitycraft:recipes/misc/reinforced_oak_fence": {
    "criteria": {
      "has_stick": "2024-07-08 19:51:58 +0000"
    },
    "done": true
  },
  "minecraft:recipes/building_blocks/cobblestone_stairs": {
    "criteria": {
      "has_cobblestone": "2024-07-08 19:52:11 +0000"
    },
    "done": true
  },
  "incendium:technical/using/shield": {
    "criteria": {
      "log_spam_fixer": "2024-07-08 19:50:47 +0000"
    },
    "done": false
  },
  "minecraft:recipes/building_blocks/purple_concrete_powder": {
    "criteria": {
      "has_sand": "2024-07-08 19:54:49 +0000"
    },
    "done": true
  },
  "aquaculture:recipes/aquaculture/light_hook": {
    "criteria": {
      "has_items": "2024-07-08 19:50:47 +0000"
    },
    "done": true
  },
  "securitycraft:recipes/redstone/reinforced_oak_fence_gate": {
    "criteria": {
      "has_stick": "2024-07-08 19:51:58 +0000"
    },
    "done": true
  },
  "aquaculture:recipes/misc/red_mushroom_from_fish": {
    "criteria": {
      "has_items": "2024-07-08 19:50:47 +0000"
    },
    "done": true
  },
  "securitycraft:recipes/misc/sc_manual": {
    "criteria": {
      "has_wood": "2024-07-08 19:51:21 +0000"
    },
    "done": true
  },
  "born_in_chaos_v1:bornin_chaos": {
    "criteria": {
      "bornin_chaos_0": "2024-07-08 19:50:47 +0000"
    },
    "done": true
  },
  "aquaculture:recipes/building_blocks/planks_from_driftwood": {
    "criteria": {
      "has_items": "2024-07-08 19:50:47 +0000"
    },
    "done": true
  },
  "securitycraft:recipes/misc/reinforced_bamboo_fence": {
    "criteria": {
      "has_stick": "2024-07-08 19:51:58 +0000"
    },
    "done": true
  },
  "minecraft:recipes/building_blocks/cyan_concrete_powder": {
    "criteria": {
      "has_sand": "2024-07-08 19:54:49 +0000"
    },
    "done": true
  },
  "securitycraft:recipes/misc/reinforced_crimson_fence": {
    "criteria": {
      "has_stick": "2024-07-08 19:51:58 +0000"
    },
    "done": true
  },
  "minecraft:recipes/tools/stone_shovel": {
    "criteria": {
      "has_cobblestone": "2024-07-08 19:52:11 +0000"
    },
    "done": true
  },
  "tombstone:adventure/root": {
    "criteria": {
      "auto": "2024-07-08 19:50:47 +0000"
    },
    "done": true
  },
  "minecraft:recipes/building_blocks/oak_wood": {
    "criteria": {
      "has_log": "2024-07-08 19:51:21 +0000"
    },
    "done": true
  },
  "minecraft:recipes/transportation/jungle_boat": {
    "criteria": {
      "in_water": "2024-07-08 19:55:08 +0000"
    },
    "done": true
  },
  "spartanweaponry:recipes/wooden_longbow": {
    "criteria": {
      "has_wood": "2024-07-08 19:51:45 +0000"
    },
    "done": true
  },
  "twilightforest:recipes/transportation/twilight_oak_boat": {
    "criteria": {
      "in_water": "2024-07-08 19:55:08 +0000"
    },
    "done": true
  },
  "minecraft:recipes/redstone/lever": {
    "criteria": {
      "has_cobblestone": "2024-07-08 19:52:11 +0000"
    },
    "done": true
  },
  "twilightforest:recipes/transportation/time_boat": {
    "criteria": {
      "in_water": "2024-07-08 19:55:08 +0000"
    },
    "done": true
  },
  "spartanweaponry:recipes/stone_saber": {
    "criteria": {
      "has_cobblestone": "2024-07-08 19:52:11 +0000"
    },
    "done": true
  },
  "twilightforest:recipes/transportation/mining_boat": {
    "criteria": {
      "in_water": "2024-07-08 19:55:08 +0000"
    },
    "done": true
  },
  "minecraft:recipes/building_blocks/light_gray_concrete_powder": {
    "criteria": {
      "has_sand": "2024-07-08 19:54:49 +0000"
    },
    "done": true
  },
  "aquaculture:recipes/aquaculture/worm_farm": {
    "criteria": {
      "has_items": "2024-07-08 19:50:47 +0000"
    },
    "done": true
  },
  "minecraft:recipes/building_blocks/pink_concrete_powder": {
    "criteria": {
      "has_sand": "2024-07-08 19:54:49 +0000"
    },
    "done": true
  },
  "spartanweaponry:recipes/stone_scythe": {
    "criteria": {
      "has_cobblestone": "2024-07-08 19:52:11 +0000"
    },
    "done": true
  },
  "aquaculture:recipes/tools/iron_fishing_rod": {
    "criteria": {
      "has_vanilla_rod": "2024-07-08 19:50:47 +0000"
    },
    "done": true
  },
  "spartanweaponry:recipes/stone_greatsword": {
    "criteria": {
      "has_cobblestone": "2024-07-08 19:52:11 +0000"
    },
    "done": true
  },
  "spartanweaponry:recipes/wooden_glaive": {
    "criteria": {
      "has_wood": "2024-07-08 19:51:45 +0000"
    },
    "done": true
  },
  "orcz:orczchallenge": {
    "criteria": {
      "orczchallenge": "2024-07-08 19:50:47 +0000"
    },
    "done": true
  },
  "vampirism:recipes/combat/hunter/stake": {
    "criteria": {
      "has_sticks": "2024-07-08 19:51:58 +0000"
    },
    "done": true
  },
  "incendium:technical/inventory/sentrys_wrath": {
    "criteria": {
      "log_spam_fixer": "2024-07-08 19:55:15 +0000"
    },
    "done": false
  },
  "minecraft:recipes/redstone/oak_trapdoor": {
    "criteria": {
      "has_planks": "2024-07-08 19:51:45 +0000"
    },
    "done": true
  },
  "minecraft:recipes/combat/stone_sword": {
    "criteria": {
      "has_cobblestone": "2024-07-08 19:52:11 +0000"
    },
    "done": true
  },
  "minecraft:recipes/decorations/cobblestone_wall": {
    "criteria": {
      "has_cobblestone": "2024-07-08 19:52:11 +0000"
    },
    "done": true
  },
  "minecraft:recipes/tools/stone_axe": {
    "criteria": {
      "has_cobblestone": "2024-07-08 19:52:11 +0000"
    },
    "done": true
  },
  "spartanweaponry:recipes/wooden_lance": {
    "criteria": {
      "has_wood": "2024-07-08 19:51:45 +0000"
    },
    "done": true
  },
  "aquaculture:recipes/aquaculture/note_hook": {
    "criteria": {
      "has_items": "2024-07-08 19:50:47 +0000"
    },
    "done": true
  },
  "minecraft:recipes/building_blocks/brown_concrete_powder": {
    "criteria": {
      "has_sand": "2024-07-08 19:54:49 +0000"
    },
    "done": true
  },
  "aquaculture:recipes/food/cooked_fish_fillet_from_campfire": {
    "criteria": {
      "has_items": "2024-07-08 19:50:47 +0000"
    },
    "done": true
  },
  "minecraft:recipes/building_blocks/light_blue_concrete_powder": {
    "criteria": {
      "has_sand": "2024-07-08 19:54:49 +0000"
    },
    "done": true
  },
  "minecraft:recipes/building_blocks/glass": {
    "criteria": {
      "has_smelts_to_glass": "2024-07-08 19:54:49 +0000"
    },
    "done": true
  },
  "incendium:technical/feed_ghastling": {
    "criteria": {
      "log_spam_fixer": "2024-07-08 19:55:15 +0000"
    },
    "done": false
  },
  "spartanweaponry:recipes/wooden_longsword": {
    "criteria": {
      "has_wood": "2024-07-08 19:51:45 +0000"
    },
    "done": true
  },
  "securitycraft:recipes/redstone/laser_block": {
    "criteria": {
      "has_stone": "2024-07-08 19:52:11 +0000"
    },
    "done": true
  },
  "spartanweaponry:recipes/stone_parrying_dagger": {
    "criteria": {
      "has_cobblestone": "2024-07-08 19:52:11 +0000"
    },
    "done": true
  },
  "spartanshields:recipes/wooden_tower_shield": {
    "criteria": {
      "has_planks": "2024-07-08 19:51:45 +0000"
    },
    "done": true
  },
  "aquaculture:recipes/aquaculture/gold_hook": {
    "criteria": {
      "has_items": "2024-07-08 19:50:47 +0000"
    },
    "done": true
  },
  "aquaculture:recipes/decorations/oak_fish_mount": {
    "criteria": {
      "has_items": "2024-07-08 19:50:47 +0000"
    },
    "done": true
  },
  "twilightforest:recipes/transportation/mangrove_boat": {
    "criteria": {
      "in_water": "2024-07-08 19:55:08 +0000"
    },
    "done": true
  },
  "spartanweaponry:recipes/wooden_pike": {
    "criteria": {
      "has_wood": "2024-07-08 19:51:45 +0000"
    },
    "done": true
  },
  "securitycraft:recipes/misc/reinforced_jungle_fence": {
    "criteria": {
      "has_stick": "2024-07-08 19:51:58 +0000"
    },
    "done": true
  },
  "spartanshields:recipes/stone_basic_shield": {
    "criteria": {
      "has_cobblestone": "2024-07-08 19:52:11 +0000"
    },
    "done": true
  },
  "aquaculture:recipes/decorations/spruce_fish_mount": {
    "criteria": {
      "has_items": "2024-07-08 19:50:47 +0000"
    },
    "done": true
  },
  "twilightforest:recipes/transportation/transformation_boat": {
    "criteria": {
      "in_water": "2024-07-08 19:55:08 +0000"
    },
    "done": true
  },
  "minecraft:recipes/building_blocks/oak_stairs": {
    "criteria": {
      "has_planks": "2024-07-08 19:51:45 +0000"
    },
    "done": true
  },
  "minecraft:recipes/building_blocks/white_concrete_powder": {
    "criteria": {
      "has_sand": "2024-07-08 19:54:49 +0000"
    },
    "done": true
  },
  "minecraft:recipes/decorations/oak_fence": {
    "criteria": {
      "has_planks": "2024-07-08 19:51:45 +0000"
    },
    "done": true
  },
  "securitycraft:recipes/misc/reinforced_warped_fence": {
    "criteria": {
      "has_stick": "2024-07-08 19:51:58 +0000"
    },
    "done": true
  },
  "spartanweaponry:recipes/combat/pole_from_wool": {
    "criteria": {
      "has_stick": "2024-07-08 19:51:58 +0000"
    },
    "done": true
  },
  "spartanweaponry:recipes/wooden_halberd": {
    "criteria": {
      "has_wood": "2024-07-08 19:51:45 +0000"
    },
    "done": true
  },
  "iceandfire:recipes/misc/earplugs": {
    "criteria": {
      "has_item": "2024-07-08 19:51:45 +0000"
    },
    "done": true
  },
  "incendium:technical/firestorm": {
    "criteria": {
      "log_spam_fixer": "2024-07-08 19:55:15 +0000"
    },
    "done": false
  },
  "another_furniture:recipes/warped_drawer": {
    "criteria": {
      "has_planks": "2024-07-08 19:51:58 +0000"
    },
    "done": true
  },
  "vampirism:recipes/decorations/vampire/altar_inspiration": {
    "criteria": {
      "has_planks": "2024-07-08 19:51:45 +0000"
    },
    "done": true
  },
  "aquaculture:recipes/aquaculture/double_hook": {
    "criteria": {
      "has_items": "2024-07-08 19:50:47 +0000"
    },
    "done": true
  },
  "minecraft:recipes/transportation/spruce_boat": {
    "criteria": {
      "in_water": "2024-07-08 19:55:08 +0000"
    },
    "done": true
  },
  "securitycraft:recipes/redstone/reinforced_cherry_fence_gate": {
    "criteria": {
      "has_stick": "2024-07-08 19:51:58 +0000"
    },
    "done": true
  },
  "minecraft:recipes/transportation/birch_boat": {
    "criteria": {
      "in_water": "2024-07-08 19:55:08 +0000"
    },
    "done": true
  },
  "incendium:technical/inventory/firestorm": {
    "criteria": {
      "log_spam_fixer": "2024-07-08 19:55:15 +0000"
    },
    "done": false
  },
  "spartanweaponry:recipes/wooden_katana": {
    "criteria": {
      "has_wood": "2024-07-08 19:51:45 +0000"
    },
    "done": true
  },
  "aquaculture:recipes/aquaculture/fishing_line": {
    "criteria": {
      "has_items": "2024-07-08 19:50:47 +0000"
    },
    "done": true
  },
  "minecraft:recipes/transportation/oak_boat": {
    "criteria": {
      "in_water": "2024-07-08 19:55:08 +0000"
    },
    "done": true
  },
  "aquaculture:recipes/misc/tin_can_to_iron_nugget_from_blasting": {
    "criteria": {
      "has_items": "2024-07-08 19:50:47 +0000"
    },
    "done": true
  },
  "vampirism:recipes/transportation/cursed_spruce_boat": {
    "criteria": {
      "in_water": "2024-07-08 19:55:08 +0000"
    },
    "done": true
  },
  "spartanweaponry:recipes/wooden_battleaxe": {
    "criteria": {
      "has_wood": "2024-07-08 19:51:45 +0000"
    },
    "done": true
  },
  "securitycraft:recipes/redstone/reinforced_acacia_fence_gate": {
    "criteria": {
      "has_stick": "2024-07-08 19:51:58 +0000"
    },
    "done": true
  },
  "minecraft:recipes/redstone/oak_button": {
    "criteria": {
      "has_planks": "2024-07-08 19:51:45 +0000"
    },
    "done": true
  },
  "incendium:technical/give_ghastling": {
    "criteria": {
      "log_spam_fixer": "2024-07-08 19:55:15 +0000"
    },
    "done": false
  },
  "aquaculture:recipes/aquaculture/iron_hook": {
    "criteria": {
      "has_items": "2024-07-08 19:50:47 +0000"
    },
    "done": true
  },
  "spartanweaponry:recipes/wooden_battle_hammer": {
    "criteria": {
      "has_wood": "2024-07-08 19:51:45 +0000"
    },
    "done": true
  },
  "minecraft:recipes/transportation/mangrove_boat": {
    "criteria": {
      "in_water": "2024-07-08 19:55:08 +0000"
    },
    "done": true
  },
  "minecraft:recipes/decorations/torch": {
    "criteria": {
      "has_stone_pickaxe": "2024-07-08 19:52:16 +0000"
    },
    "done": true
  },
  "securitycraft:recipes/misc/reinforced_cherry_fence": {
    "criteria": {
      "has_stick": "2024-07-08 19:51:58 +0000"
    },
    "done": true
  },
  "incendium:technical/scroll_of_returning": {
    "criteria": {
      "log_spam_fixer": "2024-07-08 19:50:47 +0000"
    },
    "done": false
  },
  "spartanweaponry:recipes/stone_lance": {
    "criteria": {
      "has_cobblestone": "2024-07-08 19:52:11 +0000"
    },
    "done": true
  },
  "aquaculture:recipes/misc/jellyfish_to_slimeball": {
    "criteria": {
      "has_items": "2024-07-08 19:50:47 +0000"
    },
    "done": true
  },
  "spartanshields:recipes/stone_tower_shield": {
    "criteria": {
      "has_cobblestone": "2024-07-08 19:52:11 +0000"
    },
    "done": true
  },
  "aquaculture:recipes/aquaculture/redstone_hook": {
    "criteria": {
      "has_items": "2024-07-08 19:50:47 +0000"
    },
    "done": true
  },
  "spartanweaponry:recipes/stone_quarterstaff": {
    "criteria": {
      "has_cobblestone": "2024-07-08 19:52:11 +0000"
    },
    "done": true
  },
  "securitycraft:recipes/redstone/reinforced_warped_fence_gate": {
    "criteria": {
      "has_stick": "2024-07-08 19:51:58 +0000"
    },
    "done": true
  },
  "another_furniture:recipes/jungle_drawer": {
    "criteria": {
      "has_planks": "2024-07-08 19:51:58 +0000"
    },
    "done": true
  },
  "spartanweaponry:recipes/combat/handle_from_wool": {
    "criteria": {
      "has_stick": "2024-07-08 19:51:58 +0000"
    },
    "done": true
  },
  "incendium:technical/multiplex_crossbow": {
    "criteria": {
      "log_spam_fixer": "2024-07-08 19:55:15 +0000"
    },
    "done": false
  },
  "incendium:technical/using/ragnarok": {
    "criteria": {
      "log_spam_fixer": "2024-07-08 19:50:47 +0000"
    },
    "done": false
  },
  "aquaculture:recipes/misc/gold_nugget_from_blasting": {
    "criteria": {
      "has_fishing_rod": "2024-07-08 19:50:47 +0000",
      "has_fillet_knife": "2024-07-08 19:50:47 +0000"
    },
    "done": true
  },
  "another_furniture:recipes/oak_shelf": {
    "criteria": {
      "has_planks": "2024-07-08 19:51:45 +0000"
    },
    "done": true
  },
  "aquaculture:recipes/aquaculture/bobber": {
    "criteria": {
      "has_items": "2024-07-08 19:50:47 +0000"
    },
    "done": true
  },
  "twilightforest:recipes/transportation/canopy_boat": {
    "criteria": {
      "in_water": "2024-07-08 19:55:08 +0000"
    },
    "done": true
  },
  "twilightforest:recipes/transportation/dark_boat": {
    "criteria": {
      "in_water": "2024-07-08 19:55:08 +0000"
    },
    "done": true
  },
  "vampirism:recipes/decorations/hunter/cross": {
    "criteria": {
      "has_planks": "2024-07-08 19:51:45 +0000"
    },
    "done": true
  },
  "spartanweaponry:recipes/wooden_dagger": {
    "criteria": {
      "has_wood": "2024-07-08 19:51:45 +0000"
    },
    "done": true
  },
  "aquaculture:recipes/misc/gold_nugget_from_gold_fish": {
    "criteria": {
      "has_items": "2024-07-08 19:50:47 +0000"
    },
    "done": true
  },
  "aquaculture:recipes/food/cooked_fish_fillet_from_smoking": {
    "criteria": {
      "has_items": "2024-07-08 19:50:47 +0000"
    },
    "done": true
  },
  "another_furniture:recipes/crimson_drawer": {
    "criteria": {
      "has_planks": "2024-07-08 19:51:58 +0000"
    },
    "done": true
  },
  "minecraft:recipes/tools/wooden_pickaxe": {
    "criteria": {
      "has_stick": "2024-07-08 19:51:58 +0000"
    },
    "done": true
  },
  "aquaculture:recipes/tools/diamond_fishing_rod": {
    "criteria": {
      "has_vanilla_rod": "2024-07-08 19:50:47 +0000"
    },
    "done": true
  },
  "vampirism:recipes/decorations/bat_cage": {
    "criteria": {
      "has_planks": "2024-07-08 19:51:45 +0000"
    },
    "done": true
  },
  "minecraft:story/upgrade_tools": {
    "criteria": {
      "stone_pickaxe": "2024-07-08 19:52:16 +0000"
    },
    "done": true
  },
  "vampirism:recipes/transportation/dark_spruce_boat": {
    "criteria": {
      "in_water": "2024-07-08 19:55:08 +0000"
    },
    "done": true
  },
  "aquaculture:recipes/food/cooked_fish_fillet": {
    "criteria": {
      "has_items": "2024-07-08 19:50:47 +0000"
    },
    "done": true
  },
  "minecraft:recipes/redstone/oak_pressure_plate": {
    "criteria": {
      "has_planks": "2024-07-08 19:51:45 +0000"
    },
    "done": true
  },
  "spartanweaponry:recipes/stone_flanged_mace": {
    "criteria": {
      "has_cobblestone": "2024-07-08 19:52:11 +0000"
    },
    "done": true
  },
  "securitycraft:recipes/redstone/reinforced_mangrove_fence_gate": {
    "criteria": {
      "has_stick": "2024-07-08 19:51:58 +0000"
    },
    "done": true
  },
  "another_furniture:recipes/oak_table": {
    "criteria": {
      "has_planks": "2024-07-08 19:51:45 +0000"
    },
    "done": true
  },
  "minecraft:recipes/building_blocks/yellow_concrete_powder": {
    "criteria": {
      "has_sand": "2024-07-08 19:54:49 +0000"
    },
    "done": true
  },
  "securitycraft:recipes/misc/reinforced_mangrove_fence": {
    "criteria": {
      "has_stick": "2024-07-08 19:51:58 +0000"
    },
    "done": true
  },
  "spartanweaponry:recipes/stone_javelin": {
    "criteria": {
      "has_cobblestone": "2024-07-08 19:52:11 +0000"
    },
    "done": true
  },
  "securitycraft:recipes/building_blocks/reinforced_andesite": {
    "criteria": {
      "has_cobblestone": "2024-07-08 19:52:11 +0000"
    },
    "done": true
  },
  "spartanweaponry:recipes/wooden_heavy_crossbow": {
    "criteria": {
      "has_wood": "2024-07-08 19:51:45 +0000"
    },
    "done": true
  },
  "vampirism:recipes/combat/alchemy_table": {
    "criteria": {
      "has_planks": "2024-07-08 19:51:45 +0000"
    },
    "done": true
  },
  "incendium:technical/using/trailblazer": {
    "criteria": {
      "log_spam_fixer": "2024-07-08 19:50:47 +0000"
    },
    "done": false
  },
  "another_furniture:recipes/mangrove_drawer": {
    "criteria": {
      "has_planks": "2024-07-08 19:51:58 +0000"
    },
    "done": true
  },
  "minecraft:recipes/building_blocks/sandstone": {
    "criteria": {
      "has_sand": "2024-07-08 19:54:49 +0000"
    },
    "done": true
  },
  "securitycraft:recipes/building_blocks/reinforced_diorite": {
    "criteria": {
      "has_cobblestone": "2024-07-08 19:52:11 +0000"
    },
    "done": true
  },
  "spartanweaponry:recipes/stone_pike": {
    "criteria": {
      "has_cobblestone": "2024-07-08 19:52:11 +0000"
    },
    "done": true
  },
  "spartanweaponry:recipes/combat/pole_from_string": {
    "criteria": {
      "has_stick": "2024-07-08 19:51:58 +0000"
    },
    "done": true
  },
  "minecraft:recipes/building_blocks/gray_concrete_powder": {
    "criteria": {
      "has_sand": "2024-07-08 19:54:49 +0000"
    },
    "done": true
  },
  "spartanweaponry:recipes/stone_warhammer": {
    "criteria": {
      "has_cobblestone": "2024-07-08 19:52:11 +0000"
    },
    "done": true
  },
  "minecraft:adventure/adventuring_time": {
    "criteria": {
      "minecraft:beach": "2024-07-08 19:54:41 +0000",
      "minecraft:river": "2024-07-08 19:55:08 +0000",
      "minecraft:forest": "2024-07-08 19:55:07 +0000",
      "minecraft:plains": "2024-07-08 19:50:47 +0000"
    },
    "done": false
  },
  "spartanweaponry:recipes/wooden_tomahawk": {
    "criteria": {
      "has_wood": "2024-07-08 19:51:45 +0000"
    },
    "done": true
  },
  "spartanweaponry:recipes/combat/simple_handle": {
    "criteria": {
      "has_stick": "2024-07-08 19:51:58 +0000"
    },
    "done": true
  },
  "minecraft:recipes/building_blocks/cobblestone_stairs_from_cobblestone_stonecutting": {
    "criteria": {
      "has_cobblestone": "2024-07-08 19:52:11 +0000"
    },
    "done": true
  },
  "spartanweaponry:recipes/stone_dagger": {
    "criteria": {
      "has_cobblestone": "2024-07-08 19:52:11 +0000"
    },
    "done": true
  },
  "aquaculture:recipes/misc/neptunium_ingot_from_nuggets": {
    "criteria": {
      "has_items": "2024-07-08 19:50:47 +0000"
    },
    "done": true
  },
  "spartanweaponry:recipes/stone_halberd": {
    "criteria": {
      "has_cobblestone": "2024-07-08 19:52:11 +0000"
    },
    "done": true
  },
  "twilightforest:recipes/transportation/sorting_boat": {
    "criteria": {
      "in_water": "2024-07-08 19:55:08 +0000"
    },
    "done": true
  },
  "vampirism:recipes/decorations/general/vampire_rack": {
    "criteria": {
      "has_planks": "2024-07-08 19:51:45 +0000"
    },
    "done": true
  },
  "aquaculture:recipes/tools/stone_fillet_knife": {
    "criteria": {
      "has_items": "2024-07-08 19:52:11 +0000"
    },
    "done": true
  },
  "minecraft:recipes/tools/stone_hoe": {
    "criteria": {
      "has_cobblestone": "2024-07-08 19:52:11 +0000"
    },
    "done": true
  },
  "aquaculture:recipes/misc/iron_nugget_from_blasting": {
    "criteria": {
      "has_fishing_rod": "2024-07-08 19:50:47 +0000",
      "has_fillet_knife": "2024-07-08 19:50:47 +0000"
    },
    "done": true
  },
  "another_furniture:recipes/furniture_hammer": {
    "criteria": {
      "has_stick": "2024-07-08 19:51:58 +0000"
    },
    "done": true
  },
  "another_furniture:recipes/birch_drawer": {
    "criteria": {
      "has_planks": "2024-07-08 19:51:58 +0000"
    },
    "done": true
  },
  "aquaculture:recipes/misc/tin_can_to_iron_nugget": {
    "criteria": {
      "has_items": "2024-07-08 19:50:47 +0000"
    },
    "done": true
  },
  "minecraft:story/root": {
    "criteria": {
      "crafting_table": "2024-07-08 19:51:49 +0000"
    },
    "done": true
  },
  "vampirism:recipes/decorations/general/altar_cleansing": {
    "criteria": {
      "has_vampire_book": "2024-07-08 19:51:45 +0000"
    },
    "done": true
  },
  "securitycraft:recipes/misc/reinforced_spruce_fence": {
    "criteria": {
      "has_stick": "2024-07-08 19:51:58 +0000"
    },
    "done": true
  },
  "minecraft:recipes/transportation/dark_oak_boat": {
    "criteria": {
      "in_water": "2024-07-08 19:55:08 +0000"
    },
    "done": true
  },
  "aquaculture:recipes/decorations/jungle_fish_mount": {
    "criteria": {
      "has_items": "2024-07-08 19:50:47 +0000"
    },
    "done": true
  },
  "DataVersion": 3465
}